Age,Avg_BPM,BMI,Calories_Burned,Experience_Level,Fat_Percentage,Gender,Height (m),Max_BPM,Resting_BPM,Session_Duration (hours),Water_Intake (liters),Weight (kg),Workout_Frequency (days/week),Workout_Type
56,157,30.2,1313.0,3,12.6,Male,1.71,180,60,1.69,3.5,88.3,4,Yoga
46,151,32.0,883.0,2,33.9,Female,1.53,179,66,1.3,2.1,74.9,4,HIIT
32,122,24.71,677.0,2,33.4,Female,1.66,167,54,1.11,2.3,68.1,4,Cardio
25,164,18.41,532.0,1,28.8,Male,1.7,190,56,0.59,2.1,53.2,3,Strength
38,158,14.39,556.0,1,29.2,Male,1.79,188,68,0.64,2.8,46.1,3,Strength
56,156,20.55,1116.0,3,15.5,Female,1.68,168,74,1.59,2.7,58.0,5,HIIT
36,169,23.76,1385.0,2,21.3,Male,1.72,174,73,1.49,2.3,70.3,3,Cardio
40,141,30.57,895.0,2,30.6,Female,1.51,189,64,1.27,1.9,69.7,3,Cardio
28,127,32.34,719.0,2,28.9,Male,1.94,185,52,1.03,2.6,121.7,4,Strength
28,136,30.07,808.0,1,29.7,Male,1.84,169,64,1.08,2.7,101.8,3,Cardio
41,146,43.31,593.0,1,20.5,Male,1.67,188,54,0.82,3.0,120.8,2,HIIT
53,152,17.89,865.0,2,23.6,Male,1.7,175,72,1.15,3.5,51.7,3,HIIT
57,165,43.4,1013.0,2,22.1,Male,1.61,195,61,1.24,2.7,112.5,3,Cardio
41,136,23.62,794.0,1,27.6,Male,2.0,179,69,1.18,3.7,94.5,3,HIIT
20,161,35.93,1195.0,2,26.4,Male,1.81,196,54,1.35,3.3,117.7,3,Yoga
39,131,13.88,740.0,1,26.2,Female,1.75,181,52,1.13,2.1,42.5,2,Strength
19,167,27.34,1111.0,2,29.8,Female,1.53,166,58,1.33,2.3,64.0,3,HIIT
41,165,13.98,884.0,1,31.9,Female,1.77,182,58,1.19,1.6,43.8,3,Cardio
47,146,21.81,742.0,2,32.8,Female,1.75,199,56,1.13,2.5,66.8,3,Strength
55,167,26.96,1030.0,1,25.2,Female,1.67,188,51,1.37,2.2,75.2,2,HIIT
19,127,28.41,1048.0,2,28.9,Male,1.77,175,72,1.5,3.7,89.0,4,Strength
38,142,22.95,875.0,1,25.7,Male,1.77,197,72,1.12,3.1,71.9,2,Cardio
50,161,25.16,848.0,1,33.1,Female,1.68,187,70,1.17,2.5,71.0,2,Yoga
29,168,38.16,721.0,1,28.1,Male,1.78,197,65,0.78,3.4,120.9,2,Yoga
39,148,22.51,925.0,2,26.9,Female,1.69,190,58,1.25,1.9,64.3,4,HIIT
42,169,21.78,1080.0,2,26.1,Female,1.71,173,62,1.42,1.8,63.7,3,Yoga
44,139,20.12,502.0,1,27.2,Male,1.8,192,68,0.73,2.7,65.2,2,HIIT
59,135,17.6,989.0,2,21.6,Male,1.75,168,69,1.48,2.8,53.9,4,Strength
45,136,24.54,1104.0,3,14.2,Male,1.86,186,66,1.64,3.5,84.9,5,HIIT
33,135,27.64,871.0,2,32.3,Female,1.68,183,55,1.29,1.8,78.0,3,HIIT
32,138,33.4,964.0,1,28.4,Male,1.8,172,53,1.27,3.5,108.2,3,HIIT
20,127,28.31,654.0,2,28.0,Female,1.52,185,50,1.03,2.2,65.4,4,Yoga
54,157,19.37,1046.0,1,28.2,Female,1.61,188,67,1.48,2.7,50.2,2,HIIT
24,157,25.83,816.0,1,31.7,Female,1.51,187,68,1.04,2.5,58.9,2,Cardio
38,148,27.84,1237.0,3,10.2,Male,1.71,187,58,1.52,3.5,81.4,5,HIIT
26,160,42.63,1162.0,1,27.3,Male,1.73,167,62,1.32,2.9,127.6,3,Strength
56,155,24.37,879.0,2,33.4,Female,1.56,182,57,1.26,2.6,59.3,4,Cardio
35,145,33.14,1069.0,2,24.2,Male,1.71,188,72,1.34,2.9,96.9,3,Strength
21,150,19.11,1072.0,2,27.6,Male,1.81,164,62,1.3,3.5,62.6,4,Strength
42,163,17.77,1057.0,2,21.7,Male,1.6,166,64,1.31,2.6,45.5,3,Strength
31,131,21.4,969.0,1,28.2,Female,1.51,195,60,1.48,2.0,48.8,2,Cardio
26,136,17.3,734.0,1,34.7,Female,1.6,186,61,1.08,2.0,44.3,3,Cardio
43,134,33.8,962.0,2,29.9,Male,1.83,161,63,1.45,2.9,113.2,4,Yoga
19,128,23.93,730.0,1,30.1,Female,1.59,184,53,1.14,2.2,60.5,2,Cardio
37,158,40.1,1304.0,1,29.3,Male,1.76,168,50,1.5,2.8,124.2,2,HIIT
45,161,15.31,956.0,1,25.2,Male,1.85,186,73,1.2,2.5,52.4,3,Strength
24,167,18.07,772.0,1,22.9,Male,1.74,160,53,0.84,3.6,54.7,3,Yoga
25,131,23.17,1016.0,1,22.7,Male,1.95,182,68,1.41,3.0,88.1,2,Cardio
52,151,20.42,836.0,1,34.3,Female,1.71,169,58,1.23,2.0,59.7,3,Strength
31,144,33.61,742.0,2,26.7,Female,1.54,184,59,1.03,2.3,79.7,4,Cardio
34,158,19.43,1122.0,2,30.8,Female,1.62,162,53,1.42,2.4,51.0,3,Yoga
53,137,27.18,1133.0,3,12.8,Male,1.76,165,69,1.67,3.5,84.2,5,Cardio
57,134,34.18,750.0,1,27.4,Male,1.89,165,58,1.13,3.6,122.1,3,Cardio
21,151,32.69,1046.0,1,25.0,Male,1.72,161,62,1.26,2.8,96.7,3,Strength
19,125,22.78,506.0,1,27.7,Female,1.79,177,61,0.81,1.6,73.0,3,HIIT
23,163,44.84,1318.0,2,21.7,Male,1.6,182,60,1.47,2.7,114.8,4,Cardio
59,162,28.35,1021.0,2,31.2,Female,1.52,161,61,1.4,2.1,65.5,3,Yoga
21,154,21.77,832.0,1,32.2,Female,1.52,171,67,1.08,2.6,50.3,3,Cardio
46,153,20.86,1150.0,3,17.8,Female,1.71,181,61,1.67,2.7,61.0,4,Cardio
35,157,16.99,440.0,1,32.4,Female,1.62,196,65,0.56,2.0,44.6,2,HIIT
43,124,22.45,580.0,2,26.4,Female,1.61,179,54,1.04,2.6,58.2,3,Strength
51,137,16.86,666.0,2,33.8,Female,1.63,198,69,1.08,2.1,44.8,4,Yoga
27,135,32.93,1299.0,3,12.9,Male,1.63,183,74,1.75,3.5,87.5,5,Strength
53,127,17.11,773.0,2,21.3,Male,1.74,179,61,1.23,3.7,51.8,3,Strength
31,144,22.28,1418.0,3,17.3,Female,1.7,160,70,1.97,2.7,64.4,5,Strength
48,151,25.89,421.0,1,33.4,Female,1.61,160,74,0.62,1.5,67.1,2,Cardio
32,145,33.55,1587.0,3,14.5,Male,1.6,176,60,1.99,3.5,85.9,5,HIIT
25,141,20.88,627.0,1,27.6,Female,1.77,160,58,0.89,2.6,65.4,3,Cardio
31,150,19.72,1358.0,3,18.6,Female,1.76,189,67,1.81,2.7,61.1,4,Yoga
40,162,39.12,1176.0,2,21.0,Male,1.65,162,74,1.32,3.6,106.5,4,HIIT
57,129,27.7,1004.0,3,15.2,Female,1.52,170,52,1.73,2.7,64.0,5,Strength
38,131,25.89,963.0,2,30.6,Female,1.54,183,69,1.47,2.7,61.4,3,HIIT
33,147,15.24,786.0,2,31.9,Female,1.63,181,66,1.07,1.5,40.5,4,Yoga
35,125,21.88,743.0,2,28.0,Male,1.79,185,63,1.08,2.3,70.1,3,Cardio
41,139,35.86,777.0,2,23.4,Male,1.62,172,50,1.13,3.1,94.1,4,Cardio
43,124,16.76,663.0,1,20.1,Male,1.82,160,66,1.08,2.0,55.5,3,Strength
42,142,18.15,875.0,1,29.8,Female,1.72,183,74,1.37,1.6,53.7,3,Cardio
58,128,21.58,363.0,1,25.2,Female,1.75,169,57,0.63,1.8,66.1,2,Cardio
46,148,33.16,864.0,1,20.9,Male,1.77,194,54,1.18,2.9,103.9,2,Yoga
32,135,24.72,1262.0,3,16.6,Female,1.58,183,54,1.87,2.7,61.7,5,HIIT
18,165,17.27,990.0,1,29.4,Female,1.74,187,58,1.2,2.2,52.3,2,Cardio
42,141,19.65,1129.0,3,16.4,Female,1.74,195,52,1.78,2.7,59.5,5,Yoga
24,127,23.53,546.0,1,30.8,Female,1.76,175,68,0.86,1.5,72.9,3,Yoga
26,139,28.87,751.0,1,25.6,Female,1.63,199,72,1.08,1.7,76.7,2,Strength
41,133,21.53,744.0,2,21.4,Male,1.83,175,58,1.13,2.8,72.1,3,Yoga
18,158,19.42,1003.0,2,32.0,Female,1.68,176,71,1.27,2.2,54.8,4,Strength
25,156,29.71,1150.0,2,21.4,Male,1.88,174,67,1.34,2.3,105.0,3,Cardio
41,169,22.89,1103.0,2,31.4,Female,1.55,175,65,1.45,2.0,55.0,4,Strength
28,153,29.61,917.0,2,20.5,Male,1.66,174,50,1.09,3.5,81.6,4,Yoga
34,130,29.53,416.0,1,29.1,Female,1.6,193,51,0.64,2.7,75.6,2,HIIT
25,159,31.44,1688.0,3,10.9,Male,1.61,170,63,1.93,3.5,81.5,4,HIIT
52,152,21.53,1231.0,3,15.5,Female,1.69,160,63,1.8,2.7,61.5,4,Cardio
52,150,27.85,936.0,2,25.7,Male,1.63,174,50,1.26,3.7,74.0,3,Cardio
50,163,22.31,924.0,1,34.3,Female,1.59,185,74,1.26,2.6,56.4,3,HIIT
22,153,30.3,1052.0,2,20.5,Male,1.84,163,65,1.25,2.7,102.6,3,Strength
59,169,22.15,441.0,1,29.2,Female,1.57,164,64,0.58,2.3,54.6,3,Cardio
56,126,40.71,805.0,1,27.1,Male,1.78,194,64,1.29,2.7,129.0,2,Yoga
58,168,37.56,1106.0,1,24.6,Male,1.66,172,61,1.33,3.1,103.5,3,Cardio
45,142,26.05,735.0,2,33.1,Female,1.51,169,65,1.15,1.9,59.4,4,Strength
24,165,18.76,1625.0,3,15.9,Female,1.79,170,63,1.97,2.7,60.1,4,Cardio
26,126,29.61,804.0,2,29.6,Male,1.62,177,73,1.16,3.0,77.7,3,Yoga
25,144,15.7,1073.0,2,28.9,Female,1.62,193,64,1.49,2.1,41.2,4,Yoga
29,122,22.61,805.0,2,23.4,Male,1.61,198,72,1.2,2.0,58.6,3,Yoga
51,157,34.5,420.0,1,28.7,Male,1.78,182,64,0.54,3.3,109.3,3,Strength
50,139,18.12,667.0,1,25.6,Male,1.96,166,68,0.97,2.0,69.6,3,Strength
40,153,17.54,1369.0,3,17.6,Female,1.79,198,57,1.79,2.7,56.2,5,Yoga
41,168,18.66,424.0,1,27.3,Male,1.96,162,51,0.51,2.5,71.7,2,Yoga
54,163,23.09,1404.0,3,12.9,Male,1.93,171,51,1.74,3.5,86.0,5,Strength
52,163,31.41,1020.0,2,26.6,Female,1.59,166,59,1.39,1.5,79.4,3,Strength
57,149,29.87,677.0,2,31.7,Female,1.62,185,52,1.01,2.0,78.4,4,Strength
39,136,21.64,979.0,2,26.3,Female,1.6,192,72,1.44,1.6,55.4,3,HIIT
44,129,25.68,819.0,2,33.1,Female,1.55,196,66,1.41,2.6,61.7,4,Strength
52,154,25.81,1357.0,3,14.9,Male,1.82,174,57,1.78,3.5,85.5,4,Yoga
18,139,23.52,1315.0,3,11.9,Male,1.93,161,72,1.72,3.5,87.6,4,HIIT
52,137,27.85,685.0,2,24.4,Male,1.72,166,53,1.01,2.7,82.4,4,Strength
54,164,23.74,446.0,1,20.5,Male,1.68,191,63,0.55,2.8,67.0,3,Yoga
31,163,16.52,888.0,2,25.1,Female,1.6,163,70,1.09,1.9,42.3,3,Cardio
20,146,20.88,1357.0,3,14.6,Male,1.99,179,59,1.69,3.5,82.7,5,HIIT
18,168,30.52,1303.0,1,21.3,Male,1.74,195,50,1.41,3.1,92.4,2,Yoga
22,155,26.65,790.0,2,29.5,Female,1.54,191,53,1.02,2.4,63.2,4,Cardio
43,142,24.16,858.0,2,28.2,Male,1.85,187,50,1.22,3.1,82.7,4,Yoga
31,151,27.96,1071.0,2,28.9,Male,1.76,172,66,1.29,3.3,86.6,3,Strength
56,129,34.06,639.0,1,25.2,Male,1.95,160,66,1.0,3.5,129.5,2,Strength
44,130,29.26,824.0,2,25.7,Male,1.83,194,56,1.28,3.5,98.0,4,Cardio
26,157,30.54,1701.0,3,13.3,Male,1.68,189,72,1.97,3.5,86.2,5,Strength
32,125,29.95,880.0,1,29.6,Male,1.62,195,69,1.28,3.1,78.6,3,Yoga
32,160,21.41,408.0,1,31.0,Female,1.66,184,64,0.51,1.8,59.0,2,Cardio
43,166,17.88,1479.0,3,17.8,Female,1.79,175,62,1.98,2.7,57.3,4,Yoga
59,153,34.24,500.0,1,20.1,Male,1.89,178,51,0.66,3.1,122.3,3,Yoga
30,155,22.43,1373.0,3,10.4,Male,1.95,160,68,1.61,3.5,85.3,5,Yoga
49,156,14.93,870.0,2,30.8,Female,1.74,164,73,1.24,2.1,45.2,3,Strength
56,136,15.08,458.0,1,29.4,Male,1.92,181,62,0.68,3.2,55.6,3,Strength
49,159,21.78,1503.0,3,14.3,Male,1.95,183,73,1.91,3.5,82.8,5,Yoga
21,159,45.43,1207.0,2,29.8,Male,1.66,196,60,1.38,3.4,125.2,3,HIIT
47,131,18.26,837.0,2,30.3,Female,1.79,195,71,1.42,2.4,58.5,4,Yoga
54,140,22.64,811.0,1,27.9,Male,1.95,195,64,1.17,3.4,86.1,2,Yoga
40,159,24.5,1041.0,2,33.4,Female,1.61,163,59,1.31,1.6,63.5,3,Cardio
56,138,24.55,451.0,1,26.5,Male,1.68,195,58,0.66,2.1,69.3,2,Yoga
32,122,26.86,756.0,1,28.4,Female,1.62,177,58,1.24,1.8,70.5,2,Strength
46,137,22.08,1042.0,3,17.3,Female,1.65,175,69,1.69,2.7,60.1,4,Cardio
53,138,24.75,608.0,1,28.6,Male,1.95,177,50,0.89,3.5,94.1,3,HIIT
30,166,30.18,1046.0,2,28.0,Female,1.62,181,66,1.26,2.5,79.2,4,Cardio
49,125,31.61,854.0,1,29.2,Male,1.91,161,61,1.38,3.2,115.3,2,HIIT
24,135,19.63,958.0,2,27.3,Female,1.79,180,59,1.42,2.3,62.9,4,Cardio
39,127,23.05,678.0,1,27.5,Male,1.64,195,54,0.97,3.2,62.0,3,Cardio
45,167,27.93,1265.0,3,13.2,Male,1.78,198,67,1.53,3.5,88.5,4,HIIT
19,137,23.59,877.0,2,32.5,Female,1.77,198,64,1.28,2.6,73.9,3,Strength
59,167,13.23,885.0,1,24.4,Male,1.95,188,55,1.07,3.4,50.3,3,Strength
23,162,25.65,624.0,1,29.3,Male,1.8,185,56,0.7,3.1,83.1,3,Strength
45,158,20.55,1038.0,1,31.3,Female,1.78,180,66,1.46,2.3,65.1,3,Cardio
45,168,14.54,1214.0,2,22.9,Male,1.79,176,55,1.46,2.4,46.6,3,Yoga
37,168,28.97,499.0,1,26.4,Male,1.89,175,57,0.54,3.1,103.5,2,Cardio
47,131,26.1,1150.0,3,16.4,Female,1.54,190,61,1.95,2.7,61.9,4,Yoga
28,164,20.06,1082.0,2,27.9,Female,1.61,168,70,1.32,2.0,52.0,3,Yoga
45,129,38.78,530.0,1,24.0,Male,1.71,190,63,0.83,2.3,113.4,2,Strength
42,126,16.04,886.0,2,28.5,Male,1.98,173,61,1.42,3.4,62.9,4,Yoga
56,165,12.47,913.0,2,30.0,Female,1.8,196,72,1.23,2.1,40.4,4,Cardio
50,120,21.91,362.0,1,31.8,Female,1.75,161,59,0.67,2.7,67.1,3,Cardio
18,168,27.01,1201.0,1,23.9,Male,1.61,173,71,1.3,2.5,70.0,2,Strength
44,155,22.69,711.0,1,27.6,Female,1.75,192,69,1.02,2.1,69.5,3,HIIT
30,140,39.16,832.0,2,29.5,Male,1.66,194,64,1.08,2.8,107.9,3,Cardio
58,156,29.88,1151.0,2,26.0,Male,1.91,198,56,1.49,2.2,109.0,3,Yoga
20,143,27.69,1070.0,2,29.3,Male,1.91,179,58,1.36,2.7,101.0,3,Cardio
56,144,25.86,1119.0,3,11.0,Male,1.85,161,59,1.57,3.5,88.5,4,Cardio
23,126,24.97,1074.0,3,10.7,Male,1.8,178,59,1.55,3.5,80.9,4,Cardio
25,161,16.42,837.0,2,33.6,Female,1.62,196,65,1.04,1.8,43.1,4,HIIT
44,136,25.58,967.0,3,18.4,Female,1.52,177,56,1.58,2.7,59.1,5,Yoga
26,148,23.07,844.0,1,26.9,Female,1.53,175,54,1.14,1.7,54.0,3,Strength
54,149,22.82,852.0,1,27.7,Female,1.78,163,72,1.27,1.8,72.3,2,Cardio
50,126,13.03,574.0,1,28.0,Male,1.98,171,52,0.92,2.4,51.1,2,Yoga
59,152,30.22,813.0,1,24.5,Male,1.72,188,67,1.08,3.2,89.4,3,Yoga
41,126,15.9,680.0,2,26.7,Male,1.8,166,60,1.09,2.1,51.5,4,Strength
32,143,24.87,1195.0,3,11.6,Male,1.88,173,64,1.52,3.5,87.9,5,Cardio
49,130,18.18,644.0,1,28.8,Female,1.52,171,70,1.1,2.2,42.0,3,HIIT
49,128,26.77,925.0,1,29.9,Male,1.72,194,69,1.46,3.3,79.2,3,Yoga
41,131,22.16,778.0,2,22.5,Male,1.71,164,54,1.2,2.8,64.8,3,Strength
58,154,19.88,1095.0,3,17.5,Female,1.78,176,73,1.58,2.7,63.0,4,HIIT
29,123,17.94,418.0,1,33.4,Female,1.77,191,61,0.68,2.6,56.2,3,Yoga
56,155,19.67,767.0,2,27.4,Female,1.64,169,53,1.1,2.3,52.9,3,Cardio
19,147,17.16,772.0,1,29.2,Female,1.69,176,64,1.05,2.4,49.0,3,Yoga
20,132,37.87,603.0,1,26.2,Male,1.84,164,58,0.83,2.3,128.2,3,HIIT
54,142,24.16,1082.0,3,12.4,Male,1.86,168,56,1.54,3.5,83.6,5,HIIT
34,138,17.94,1249.0,3,17.3,Female,1.77,192,59,1.81,2.7,56.2,5,Cardio
19,161,27.71,1133.0,1,23.6,Male,1.78,195,72,1.28,3.3,87.8,2,Cardio
19,156,25.1,1424.0,3,12.9,Male,1.85,195,62,1.66,3.5,85.9,4,Strength
45,158,14.61,1126.0,2,26.2,Male,1.87,177,57,1.44,3.4,51.1,4,Cardio
40,143,19.63,1337.0,3,18.3,Female,1.71,168,61,1.87,2.7,57.4,5,Strength
54,135,31.17,802.0,2,20.7,Male,1.92,188,71,1.2,2.6,114.9,4,HIIT
49,152,22.54,937.0,2,31.3,Female,1.66,173,73,1.37,1.8,62.1,3,HIIT
50,131,15.65,707.0,2,29.5,Male,1.91,184,68,1.09,2.7,57.1,4,Yoga
18,153,21.02,926.0,2,25.4,Male,1.8,174,50,1.1,3.3,68.1,4,Yoga
36,126,25.42,852.0,1,27.2,Male,1.65,165,65,1.23,2.7,69.2,3,Strength
19,130,28.22,800.0,1,30.6,Female,1.52,188,71,1.23,2.4,65.2,3,Cardio
43,150,36.29,988.0,1,28.5,Male,1.73,174,66,1.33,2.2,108.6,2,Cardio
49,148,14.69,686.0,2,34.3,Female,1.65,188,74,1.03,2.5,40.0,3,Yoga
23,132,16.78,370.0,1,26.8,Female,1.58,163,67,0.56,1.8,41.9,3,HIIT
49,150,29.56,979.0,2,29.4,Female,1.52,177,60,1.45,1.8,68.3,4,Strength
21,121,34.53,1138.0,3,12.0,Male,1.6,198,67,1.71,3.5,88.4,4,HIIT
28,158,18.28,1025.0,1,24.1,Male,1.9,175,56,1.18,3.0,66.0,3,HIIT
34,134,26.73,929.0,2,21.3,Male,1.64,170,67,1.26,2.1,71.9,4,Cardio
55,130,25.85,663.0,2,28.1,Male,1.71,173,57,1.03,2.0,75.6,4,Strength
41,153,25.08,1267.0,3,15.2,Female,1.59,162,55,1.84,2.7,63.4,5,HIIT
22,158,22.85,1177.0,1,30.3,Female,1.77,197,56,1.49,1.8,71.6,3,Yoga
51,123,18.32,598.0,2,31.6,Female,1.77,177,72,1.08,2.1,57.4,4,Yoga
23,130,21.16,1280.0,3,11.0,Male,1.99,179,71,1.79,3.5,83.8,4,Cardio
39,148,19.12,1443.0,3,19.5,Female,1.71,184,59,1.95,2.7,55.9,5,Yoga
28,121,28.09,799.0,2,28.4,Male,1.76,197,60,1.2,3.5,87.0,3,Yoga
33,135,22.33,796.0,2,29.7,Female,1.71,172,74,1.18,2.5,65.3,4,HIIT
50,158,16.28,1071.0,2,24.1,Male,1.67,163,62,1.37,2.8,45.4,4,Yoga
26,132,24.91,1241.0,3,11.2,Male,1.87,173,58,1.71,3.5,87.1,4,Yoga
23,156,26.26,1147.0,2,32.3,Female,1.73,192,56,1.47,1.5,78.6,4,HIIT
33,136,26.67,734.0,1,26.3,Female,1.71,187,58,1.08,2.1,78.0,3,Cardio
46,140,24.78,1153.0,3,18.4,Female,1.53,196,62,1.83,2.7,58.0,4,Cardio
20,163,24.96,1043.0,2,33.4,Female,1.69,167,52,1.28,2.3,71.3,3,Strength
37,138,16.22,842.0,2,22.3,Male,1.74,193,52,1.11,2.6,49.1,3,Yoga
53,126,28.76,703.0,1,33.7,Female,1.65,164,50,1.24,1.6,78.3,3,HIIT
36,157,21.3,887.0,2,25.3,Female,1.64,164,70,1.13,1.8,57.3,4,Strength
43,127,18.67,732.0,1,34.1,Female,1.61,190,69,1.28,2.4,48.4,2,Cardio
20,132,29.11,980.0,2,21.2,Male,1.62,168,51,1.35,2.6,76.4,4,Cardio
36,156,35.18,1021.0,1,26.5,Male,1.77,191,74,1.19,3.4,110.2,2,HIIT
37,121,23.53,732.0,2,27.5,Female,1.76,192,52,1.21,1.9,72.9,3,Strength
49,160,23.73,1481.0,3,14.2,Male,1.86,162,64,1.87,3.5,82.1,4,Strength
24,130,19.01,410.0,1,30.1,Female,1.76,189,73,0.63,1.7,58.9,3,HIIT
58,143,23.51,1111.0,3,10.7,Male,1.87,171,55,1.57,3.5,82.2,4,HIIT
50,125,32.69,903.0,2,25.7,Male,1.72,188,62,1.46,2.7,96.7,3,Strength
57,145,23.53,1292.0,3,12.0,Male,1.86,162,70,1.8,3.5,81.4,5,Cardio
56,126,36.02,680.0,2,26.6,Male,1.73,185,50,1.09,2.8,107.8,3,Yoga
35,158,25.07,790.0,2,33.8,Female,1.62,189,69,1.0,1.5,65.8,4,Cardio
57,138,28.15,900.0,2,29.1,Female,1.56,168,68,1.45,1.6,68.5,4,HIIT
18,125,25.28,1169.0,3,16.4,Female,1.59,185,50,1.87,2.7,63.9,4,Strength
28,162,29.07,1034.0,2,20.1,Male,1.62,161,70,1.16,2.3,76.3,3,Strength
45,148,16.35,959.0,1,30.7,Female,1.65,162,71,1.44,1.6,44.5,3,Yoga
42,162,16.56,940.0,2,29.0,Female,1.75,163,51,1.29,1.9,50.7,3,Strength
40,158,21.26,1224.0,3,16.9,Female,1.61,184,64,1.55,2.7,55.1,4,Yoga
48,121,28.43,815.0,2,21.8,Male,1.61,172,63,1.36,3.6,73.7,4,Cardio
47,138,17.75,820.0,2,24.3,Male,1.77,198,68,1.2,2.9,55.6,4,Cardio
59,123,28.05,688.0,2,29.8,Male,1.76,194,60,1.13,3.1,86.9,3,Strength
52,125,21.36,900.0,3,16.5,Female,1.68,182,64,1.6,2.7,60.3,4,Strength
24,168,15.02,832.0,1,31.0,Female,1.64,168,55,0.99,1.9,40.4,2,HIIT
33,156,28.49,1006.0,2,32.8,Female,1.66,161,69,1.29,1.9,78.5,4,HIIT
43,147,34.68,597.0,1,27.5,Male,1.72,190,58,0.82,2.0,102.6,2,Strength
19,149,30.37,1074.0,1,23.3,Male,1.91,161,54,1.31,2.9,110.8,2,Strength
18,126,19.01,699.0,1,31.1,Female,1.79,191,69,1.11,2.1,60.9,2,Cardio
29,128,21.49,993.0,1,28.7,Male,1.61,177,51,1.41,2.3,55.7,3,Strength
22,144,29.98,919.0,2,20.2,Male,1.92,172,55,1.16,3.3,110.5,3,HIIT
54,152,18.88,579.0,1,24.4,Male,1.71,164,67,0.77,2.8,55.2,2,Cardio
49,120,15.72,832.0,2,22.2,Male,1.72,169,72,1.4,2.6,46.5,4,Yoga
26,125,25.73,506.0,1,28.9,Female,1.66,184,68,0.81,1.7,70.9,3,HIIT
58,137,24.36,739.0,1,24.2,Male,1.75,193,58,1.09,2.9,74.6,2,HIIT
52,129,15.24,594.0,1,27.5,Male,1.72,196,70,0.93,3.3,45.1,2,Cardio
36,147,25.23,1075.0,1,20.9,Male,1.99,189,73,1.33,2.5,99.9,3,Yoga
33,130,45.14,744.0,2,25.1,Male,1.61,166,55,1.04,2.4,117.0,3,HIIT
20,152,25.36,1056.0,2,30.6,Female,1.73,165,63,1.39,2.1,75.9,4,Strength
37,120,26.47,666.0,2,29.9,Female,1.64,162,73,1.11,1.7,71.2,3,HIIT
41,132,26.64,660.0,2,27.3,Male,1.72,172,62,1.01,3.1,78.8,4,Cardio
50,156,17.72,1012.0,1,23.8,Male,1.69,162,60,1.31,3.0,50.6,2,Cardio
41,139,25.75,1163.0,3,14.7,Male,1.79,185,61,1.69,3.5,82.5,4,Cardio
28,120,33.86,878.0,2,24.8,Male,1.79,183,68,1.33,2.1,108.5,4,HIIT
25,122,12.73,772.0,2,25.7,Male,1.98,165,68,1.15,2.1,49.9,3,Yoga
53,137,34.29,353.0,1,28.3,Male,1.91,171,70,0.52,3.1,125.1,2,Strength
55,160,28.92,763.0,1,27.8,Female,1.66,195,68,1.06,1.9,79.7,2,Cardio
57,133,47.72,632.0,1,20.8,Male,1.63,161,73,0.96,2.1,126.8,2,Yoga
37,150,22.15,982.0,1,32.1,Female,1.57,170,62,1.31,2.4,54.6,3,Strength
52,146,20.16,880.0,2,29.8,Female,1.54,198,63,1.34,1.9,47.8,3,Cardio
42,136,26.84,680.0,2,29.0,Male,1.91,193,73,1.01,2.8,97.9,3,Strength
52,165,26.61,1010.0,2,34.8,Female,1.54,185,67,1.36,1.8,63.1,3,Strength
42,148,25.35,713.0,2,29.0,Female,1.69,177,61,1.07,2.3,72.4,3,Yoga
46,155,20.38,1060.0,3,17.1,Female,1.7,180,53,1.52,2.7,58.9,4,Strength
35,156,19.69,803.0,2,29.1,Female,1.6,195,59,1.03,1.9,50.4,4,Cardio
35,145,25.39,1182.0,3,16.6,Female,1.59,199,66,1.63,2.7,64.2,5,Yoga
19,136,18.77,952.0,1,32.8,Female,1.77,181,53,1.4,2.7,58.8,2,HIIT
52,141,40.09,949.0,1,27.6,Male,1.62,189,61,1.36,3.2,105.2,3,HIIT
33,144,20.4,662.0,1,29.8,Female,1.5,189,62,0.92,1.7,45.9,3,Yoga
58,121,24.54,610.0,2,25.4,Female,1.63,167,53,1.12,2.0,65.2,3,HIIT
53,141,17.57,964.0,3,16.5,Female,1.79,193,59,1.52,2.7,56.3,5,Strength
50,124,31.14,497.0,1,22.9,Male,1.7,168,74,0.81,2.7,90.0,2,Cardio
21,123,20.76,1212.0,3,19.1,Female,1.7,179,52,1.97,2.7,60.0,5,Strength
50,155,17.61,1136.0,1,20.9,Male,1.71,199,64,1.48,2.9,51.5,2,Yoga
31,125,23.46,962.0,3,19.0,Female,1.64,184,51,1.54,2.7,63.1,4,Cardio
38,140,29.21,616.0,1,26.7,Male,1.77,178,74,0.8,3.4,91.5,2,Yoga
37,132,17.46,1009.0,1,27.3,Male,1.67,164,74,1.39,3.0,48.7,2,Yoga
25,156,23.75,1053.0,2,29.3,Female,1.56,170,66,1.35,1.6,57.8,3,Yoga
24,144,13.71,598.0,1,31.8,Female,1.75,174,55,0.83,2.3,42.0,3,Strength
20,145,34.83,502.0,1,26.1,Male,1.92,167,57,0.63,2.0,128.4,2,Cardio
34,158,30.1,1161.0,1,32.7,Female,1.57,178,52,1.47,2.4,74.2,3,Cardio
50,139,31.75,1232.0,3,12.2,Male,1.68,182,74,1.79,3.5,89.6,5,Cardio
29,152,31.48,1137.0,2,24.7,Male,2.0,186,67,1.36,3.1,125.9,4,Strength
39,133,26.64,593.0,1,26.4,Male,1.99,199,71,0.81,2.5,105.5,2,HIIT
39,155,32.32,938.0,2,21.1,Male,1.7,191,50,1.1,2.5,93.4,4,Strength
47,136,24.25,922.0,2,24.4,Male,1.84,185,65,1.37,3.4,82.1,4,Strength
55,140,15.02,567.0,1,34.7,Female,1.69,186,56,0.9,2.4,42.9,2,Yoga
55,165,45.49,923.0,2,20.4,Male,1.68,178,52,1.13,2.6,128.4,4,Cardio
25,135,29.26,1054.0,1,23.2,Male,1.96,188,72,1.42,2.5,112.4,2,Cardio
44,165,24.25,1047.0,1,28.1,Female,1.79,198,53,1.41,2.2,77.7,3,HIIT
44,135,22.55,936.0,2,26.3,Male,1.99,192,58,1.4,2.0,89.3,4,HIIT
51,139,29.26,876.0,1,26.1,Female,1.55,178,54,1.4,1.6,70.3,3,Yoga
38,148,19.98,792.0,2,31.3,Female,1.72,196,68,1.07,1.7,59.1,3,Cardio
47,147,17.47,979.0,2,26.0,Female,1.69,178,64,1.48,1.7,49.9,3,HIIT
50,127,36.47,333.0,1,20.9,Male,1.67,192,57,0.53,2.9,101.7,2,HIIT
45,143,25.49,729.0,2,27.3,Male,1.91,175,55,1.03,3.7,93.0,3,Cardio
50,122,34.14,465.0,1,23.2,Male,1.6,182,67,0.77,3.1,87.4,2,Strength
22,144,21.26,1166.0,3,19.9,Female,1.61,166,68,1.62,2.7,55.1,4,HIIT
36,138,43.31,987.0,2,20.4,Male,1.69,185,73,1.3,2.1,123.7,4,Cardio
21,152,24.87,1474.0,3,17.2,Female,1.57,191,64,1.94,2.7,61.3,4,HIIT
52,121,19.21,874.0,2,21.1,Male,1.94,171,56,1.46,2.9,72.3,3,Yoga
34,134,29.56,911.0,1,28.5,Female,1.53,167,59,1.36,2.1,69.2,2,HIIT
45,141,31.4,796.0,2,30.0,Male,1.61,164,55,1.14,2.2,81.4,4,Cardio
47,129,24.51,1181.0,3,14.4,Male,1.86,187,63,1.85,3.5,84.8,5,HIIT
46,137,18.62,970.0,2,20.5,Male,1.72,164,66,1.43,3.6,55.1,3,Yoga
23,141,18.62,1177.0,3,17.8,Female,1.78,185,58,1.67,2.7,59.0,5,Yoga
52,165,28.46,1359.0,3,18.2,Female,1.51,164,68,1.83,2.7,64.9,4,HIIT
58,168,35.82,840.0,1,22.1,Male,1.75,181,54,1.01,2.7,109.7,2,HIIT
54,146,21.72,585.0,1,21.5,Male,1.9,174,72,0.81,3.7,78.4,2,Yoga
41,132,23.94,832.0,2,34.0,Female,1.79,172,56,1.4,2.0,76.7,4,Yoga
46,152,24.34,684.0,2,34.7,Female,1.61,187,68,1.0,2.2,63.1,4,Strength
48,124,25.2,1105.0,3,20.0,Female,1.58,192,69,1.98,2.7,62.9,4,Strength
52,145,28.27,1321.0,3,13.9,Male,1.74,182,56,1.84,3.5,85.6,4,Yoga
50,132,26.9,742.0,1,31.6,Female,1.57,192,73,1.25,1.6,66.3,2,HIIT
38,146,15.8,1100.0,1,23.5,Male,1.97,177,51,1.37,2.8,61.3,3,Cardio
49,133,16.2,694.0,2,26.7,Female,1.65,189,74,1.16,1.8,44.1,4,HIIT
40,143,24.31,1022.0,1,20.8,Male,1.62,185,72,1.3,3.4,63.8,2,HIIT
50,122,23.06,1016.0,3,18.5,Female,1.55,175,65,1.85,2.7,55.4,4,Strength
20,166,29.92,863.0,2,32.8,Female,1.58,172,62,1.04,2.4,74.7,3,Strength
35,168,27.97,949.0,2,33.3,Female,1.67,198,57,1.13,2.5,78.0,4,Strength
42,149,20.62,764.0,1,34.1,Female,1.67,192,55,1.14,2.4,57.5,2,Yoga
59,154,20.28,714.0,2,33.8,Female,1.73,185,55,1.03,2.5,60.7,3,Yoga
48,167,22.79,1223.0,2,30.0,Male,1.74,160,58,1.48,2.3,69.0,3,HIIT
20,133,23.92,944.0,2,27.4,Female,1.78,197,53,1.42,2.0,75.8,4,HIIT
57,131,28.49,407.0,1,32.6,Female,1.63,161,60,0.69,2.3,75.7,3,Cardio
41,147,26.47,939.0,2,30.9,Female,1.64,165,54,1.42,2.3,71.2,3,HIIT
49,163,30.12,1468.0,3,11.3,Male,1.68,197,74,1.82,3.5,85.0,4,HIIT
39,148,26.13,903.0,1,34.8,Female,1.56,183,66,1.22,2.4,63.6,2,Strength
40,162,19.45,722.0,1,29.0,Male,1.94,177,69,0.81,2.4,73.2,2,Strength
19,136,20.91,653.0,1,26.3,Female,1.52,186,56,0.96,1.6,48.3,2,Strength
44,159,13.51,1066.0,2,25.3,Female,1.78,167,64,1.49,2.6,42.8,3,Strength
59,168,28.44,1123.0,2,26.9,Male,1.76,187,74,1.35,3.0,88.1,3,Strength
19,140,23.64,840.0,2,31.0,Female,1.75,169,64,1.2,1.7,72.4,4,Cardio
43,142,20.71,822.0,1,29.4,Male,1.88,176,63,1.17,3.3,73.2,3,Cardio
34,139,31.94,1086.0,1,22.3,Male,1.86,188,62,1.42,3.6,110.5,2,Cardio
57,130,14.88,842.0,2,25.8,Female,1.76,165,60,1.44,1.7,46.1,3,Strength
50,153,31.05,810.0,2,22.6,Male,1.71,173,62,1.07,3.4,90.8,4,Yoga
26,129,26.01,1096.0,3,15.1,Female,1.51,181,71,1.7,2.7,59.3,5,Strength
56,129,15.07,482.0,1,25.4,Female,1.73,165,73,0.83,2.6,45.1,3,Strength
46,162,14.36,1187.0,2,29.1,Male,1.77,185,58,1.48,3.6,45.0,3,Cardio
59,125,34.06,885.0,2,23.5,Male,1.62,198,59,1.43,3.6,89.4,3,Strength
43,155,44.71,875.0,2,24.1,Male,1.69,171,53,1.14,2.9,127.7,3,Cardio
52,143,23.97,927.0,2,20.2,Male,1.72,194,66,1.31,2.6,70.9,3,Strength
42,131,21.87,678.0,2,27.7,Female,1.5,173,63,1.15,1.5,49.2,3,HIIT
41,162,19.44,1451.0,3,19.0,Female,1.79,181,73,1.99,2.7,62.3,5,Yoga
30,142,18.33,500.0,1,26.2,Male,1.87,182,67,0.64,2.1,64.1,2,Yoga
24,146,22.76,1029.0,1,32.5,Female,1.75,166,60,1.41,2.0,69.7,3,Cardio
53,164,22.51,1100.0,2,29.5,Female,1.59,199,65,1.49,2.0,56.9,3,HIIT
37,156,18.13,881.0,2,28.1,Female,1.71,184,50,1.13,1.7,53.0,4,Yoga
18,125,30.26,525.0,1,29.8,Female,1.55,172,56,0.84,2.0,72.7,3,Cardio
25,120,19.91,442.0,1,23.2,Male,1.96,180,59,0.67,2.3,76.5,3,Strength
33,125,28.69,949.0,1,28.4,Male,1.99,169,58,1.38,3.4,113.6,2,Strength
31,169,23.81,1318.0,3,16.5,Female,1.62,168,74,1.56,2.7,62.5,4,HIIT
29,141,27.52,496.0,1,26.6,Male,1.86,174,52,0.64,2.5,95.2,2,Yoga
40,160,15.61,792.0,1,21.4,Male,1.82,161,71,0.9,3.0,51.7,3,Strength
32,143,37.76,448.0,1,26.9,Male,1.67,184,72,0.57,2.9,105.3,3,Cardio
45,144,25.23,888.0,1,34.1,Female,1.68,172,63,1.37,1.6,71.2,3,Strength
51,134,34.25,555.0,1,31.1,Female,1.51,193,74,0.92,2.6,78.1,3,Strength
19,145,17.93,877.0,2,30.6,Female,1.68,193,64,1.21,2.1,50.6,3,Yoga
49,127,19.65,440.0,1,29.6,Male,1.89,194,51,0.7,2.6,70.2,3,Yoga
40,143,26.74,1380.0,3,18.1,Female,1.53,197,73,1.93,2.7,62.6,5,Cardio
39,167,22.26,768.0,1,27.6,Female,1.65,162,63,0.92,1.7,60.6,3,HIIT
42,157,19.69,886.0,2,22.9,Male,1.97,165,65,1.14,2.6,76.4,3,HIIT
39,125,21.65,1175.0,3,18.5,Female,1.71,178,56,1.88,2.7,63.3,4,Strength
39,154,25.51,1024.0,2,32.4,Female,1.64,162,53,1.33,1.5,68.6,3,Cardio
59,161,34.89,1036.0,2,23.0,Male,1.88,177,67,1.3,2.6,123.3,4,HIIT
23,120,28.43,891.0,1,23.5,Male,1.94,198,73,1.35,2.9,107.0,2,HIIT
32,165,18.53,1289.0,1,29.9,Male,1.92,168,54,1.42,3.5,68.3,2,Strength
54,155,18.67,830.0,2,26.0,Female,1.6,171,55,1.19,2.3,47.8,4,Cardio
50,131,18.23,943.0,3,17.0,Female,1.79,164,56,1.6,2.7,58.4,4,HIIT
25,157,25.41,1123.0,2,25.6,Female,1.71,162,64,1.43,1.6,74.3,3,Yoga
22,130,32.24,715.0,2,28.2,Male,1.82,170,50,1.0,2.3,106.8,4,Yoga
56,131,38.73,817.0,2,20.9,Male,1.8,189,73,1.26,2.7,125.5,4,Strength
21,161,22.98,1103.0,2,31.7,Female,1.55,163,53,1.37,1.7,55.2,4,Strength
23,169,24.13,1056.0,1,25.6,Female,1.72,164,74,1.25,1.5,71.4,2,Strength
49,158,29.98,806.0,2,26.7,Male,1.61,160,50,1.03,3.4,77.7,3,Strength
47,126,34.53,1160.0,3,14.2,Male,1.6,186,60,1.86,3.5,88.4,5,HIIT
52,130,26.46,598.0,1,24.0,Male,1.99,187,67,0.93,2.0,104.8,2,Cardio
57,155,28.78,882.0,2,25.2,Male,1.69,188,63,1.15,3.4,82.2,4,Strength
33,150,22.27,638.0,1,29.0,Female,1.75,177,71,0.85,1.7,68.2,2,Strength
30,152,23.08,1145.0,2,23.0,Male,1.99,171,60,1.37,3.7,91.4,3,HIIT
59,132,15.46,725.0,1,33.0,Female,1.65,172,59,1.22,2.2,42.1,2,Strength
47,137,22.18,845.0,2,27.7,Female,1.76,161,66,1.37,2.4,68.7,3,Strength
36,160,15.59,1200.0,2,32.2,Female,1.74,196,53,1.5,1.6,47.2,4,Cardio
34,143,29.7,574.0,1,22.1,Male,1.76,175,73,0.73,3.5,92.0,3,Yoga
36,128,14.78,767.0,2,22.5,Male,1.95,183,64,1.09,3.4,56.2,4,Strength
45,150,19.74,973.0,2,23.4,Male,1.72,194,65,1.31,3.1,58.4,4,HIIT
43,160,21.8,1505.0,3,12.9,Male,1.95,181,70,1.9,3.5,82.9,5,Cardio
54,129,22.1,720.0,1,29.5,Female,1.74,195,62,1.24,2.1,66.9,2,HIIT
43,121,19.37,707.0,1,27.5,Male,1.85,170,58,1.18,3.2,66.3,2,Cardio
40,157,25.13,1192.0,1,22.1,Male,1.93,188,60,1.38,2.0,93.6,3,Cardio
26,134,28.49,1293.0,3,15.1,Female,1.5,194,60,1.93,2.7,64.1,5,Strength
29,122,33.04,1020.0,3,13.9,Male,1.62,174,55,1.52,3.5,86.7,4,Strength
18,162,24.52,996.0,2,33.2,Female,1.59,190,50,1.23,2.2,62.0,4,Strength
18,150,22.41,1425.0,3,15.3,Female,1.61,175,71,1.9,2.7,58.1,4,Yoga
51,125,25.35,838.0,2,31.1,Female,1.6,169,55,1.49,2.5,64.9,4,Yoga
49,122,26.41,626.0,2,28.8,Female,1.62,191,62,1.14,1.9,69.3,4,HIIT
42,130,14.1,608.0,1,32.9,Female,1.74,161,71,1.04,1.6,42.7,3,Strength
57,134,19.35,724.0,2,33.7,Female,1.63,183,73,1.2,2.0,51.4,4,Yoga
18,164,26.33,492.0,1,33.5,Female,1.6,182,71,0.6,2.4,67.4,3,Strength
33,147,21.45,1301.0,3,18.9,Female,1.61,161,54,1.77,2.7,55.6,4,Yoga
56,129,36.22,639.0,2,22.7,Male,1.86,197,64,1.0,2.2,125.3,3,Yoga
22,157,29.83,1278.0,2,28.1,Male,1.85,190,67,1.48,2.4,102.1,4,Cardio
39,166,19.76,1205.0,1,25.3,Male,1.77,199,69,1.32,2.3,61.9,3,Strength
46,169,40.45,1171.0,1,20.5,Male,1.64,185,63,1.4,3.4,108.8,3,Strength
20,169,20.47,422.0,1,29.6,Female,1.58,188,64,0.5,1.6,51.1,2,Yoga
29,126,20.63,1005.0,1,29.4,Male,1.99,162,54,1.45,3.2,81.7,2,Strength
43,134,15.5,440.0,1,33.9,Female,1.66,173,53,0.73,1.9,42.7,2,Yoga
33,137,20.66,1198.0,3,10.5,Male,1.99,184,51,1.59,3.5,81.8,4,Strength
54,137,17.63,868.0,2,27.4,Male,1.76,160,56,1.28,3.3,54.6,4,Cardio
39,160,30.47,634.0,1,28.1,Male,1.88,162,59,0.72,3.6,107.7,2,Strength
46,143,22.23,566.0,1,27.7,Female,1.6,185,65,0.88,1.6,56.9,3,Cardio
31,121,26.95,992.0,2,24.7,Male,1.71,177,59,1.49,2.5,78.8,4,HIIT
45,159,17.92,894.0,2,32.1,Female,1.64,168,67,1.25,2.5,48.2,4,Strength
22,139,20.05,883.0,2,29.4,Female,1.59,197,66,1.27,1.8,50.7,3,Strength
47,153,21.87,1500.0,3,10.6,Male,1.99,182,70,1.98,3.5,86.6,4,Strength
22,162,36.25,1203.0,2,27.1,Male,1.63,180,62,1.35,2.4,96.3,4,Cardio
29,145,20.61,1316.0,3,14.6,Male,1.98,160,50,1.65,3.5,80.8,5,Strength
33,126,24.78,1159.0,3,18.3,Female,1.53,180,50,1.84,2.7,58.0,5,Strength
43,157,28.02,995.0,1,27.7,Male,1.85,186,64,1.28,3.4,95.9,2,Yoga
43,149,24.64,1247.0,3,16.8,Female,1.58,165,50,1.86,2.7,61.5,5,HIIT
38,161,12.67,499.0,1,26.8,Female,1.79,195,55,0.62,2.7,40.6,2,Cardio
56,124,23.59,927.0,3,13.2,Male,1.87,187,74,1.51,3.5,82.5,5,Yoga
53,130,31.04,444.0,1,23.3,Male,1.84,176,62,0.69,2.9,105.1,3,Cardio
50,120,23.27,1042.0,3,19.3,Female,1.58,199,50,1.93,2.7,58.1,5,Yoga
47,153,19.69,1060.0,3,15.6,Female,1.76,162,54,1.54,2.7,61.0,5,HIIT
54,120,27.55,940.0,3,17.2,Female,1.53,171,58,1.74,2.7,64.5,4,Yoga
40,138,14.85,1085.0,2,24.0,Male,1.98,198,74,1.43,2.5,58.2,3,Cardio
27,121,22.44,569.0,1,34.4,Female,1.76,171,66,0.94,2.0,69.5,3,Strength
22,140,18.37,393.0,1,21.5,Male,1.84,161,65,0.51,2.3,62.2,3,Strength
53,139,23.53,663.0,2,25.1,Female,1.7,181,57,1.06,2.4,68.0,4,HIIT
51,142,25.02,914.0,1,27.4,Female,1.5,182,66,1.43,2.4,56.3,3,Cardio
48,140,32.7,700.0,2,28.2,Male,1.7,189,64,1.01,3.5,94.5,3,Cardio
27,143,18.1,994.0,1,27.1,Female,1.79,164,73,1.39,1.5,58.0,2,Cardio
36,123,22.32,1218.0,3,11.2,Male,1.94,168,50,1.8,3.5,84.0,5,HIIT
49,131,17.44,739.0,2,21.3,Male,1.87,180,61,1.14,3.0,61.0,4,Strength
18,141,27.68,1396.0,3,18.6,Female,1.53,170,54,1.98,2.7,64.8,5,Yoga
22,139,14.59,795.0,1,20.7,Male,1.77,164,73,1.04,2.4,45.7,3,HIIT
21,137,22.41,1356.0,3,11.7,Male,1.9,194,55,1.8,3.5,80.9,4,Yoga
33,120,24.13,948.0,3,16.4,Female,1.63,186,74,1.58,2.7,64.1,5,Strength
41,149,21.39,900.0,2,25.6,Male,1.77,161,50,1.22,2.6,67.0,3,HIIT
33,152,41.6,1170.0,2,27.3,Male,1.6,183,74,1.4,3.3,106.5,4,Strength
19,143,27.79,952.0,2,25.3,Male,1.85,190,50,1.21,2.3,95.1,4,Yoga
45,133,26.57,395.0,1,34.3,Female,1.57,192,59,0.66,2.3,65.5,2,Cardio
49,155,39.3,921.0,2,29.5,Male,1.64,198,59,1.2,3.1,105.7,3,Cardio
44,124,15.5,491.0,1,28.6,Female,1.76,189,52,0.88,2.6,48.0,2,Yoga
37,130,30.89,448.0,1,32.8,Female,1.5,196,66,0.69,2.4,69.5,2,Cardio
41,143,23.14,545.0,1,27.4,Male,1.69,187,68,0.77,3.4,66.1,2,Yoga
29,150,23.53,627.0,1,28.9,Male,1.7,190,60,0.76,2.9,68.0,2,HIIT
52,132,15.88,555.0,1,24.5,Male,1.78,170,67,0.85,2.3,50.3,2,HIIT
50,135,24.55,729.0,1,30.3,Female,1.68,182,51,1.2,2.0,69.3,2,HIIT
50,143,32.63,1203.0,3,12.1,Male,1.63,161,58,1.7,3.5,86.7,4,Cardio
54,132,33.45,882.0,2,28.5,Male,1.94,199,73,1.35,2.9,125.9,3,Strength
29,143,23.65,1479.0,3,11.1,Male,1.93,186,66,1.88,3.5,88.1,5,Cardio
20,145,37.53,997.0,2,22.4,Male,1.82,194,63,1.25,3.2,124.3,3,Cardio
18,121,18.12,586.0,1,23.7,Male,1.85,161,53,0.88,3.0,62.0,3,Strength
50,135,23.56,753.0,2,27.3,Female,1.72,198,66,1.24,2.0,69.7,4,Strength
57,157,26.36,926.0,2,30.6,Female,1.52,196,66,1.31,1.8,60.9,3,Strength
27,165,19.71,1025.0,1,21.3,Male,1.97,180,61,1.13,2.3,76.5,2,Strength
46,120,28.59,873.0,2,23.2,Male,1.82,164,69,1.47,3.2,94.7,3,Cardio
30,168,22.17,1155.0,1,29.1,Male,1.75,180,67,1.25,3.1,67.9,2,Yoga
29,130,34.63,937.0,2,24.1,Male,1.87,188,52,1.31,3.2,121.1,4,HIIT
48,154,26.58,1012.0,2,32.5,Female,1.64,179,60,1.46,1.9,71.5,4,Yoga
19,162,34.12,740.0,1,21.1,Male,1.7,197,74,0.83,2.4,98.6,2,Cardio
52,148,25.67,779.0,1,27.5,Female,1.63,179,67,1.17,2.4,68.2,3,Strength
40,156,20.2,920.0,2,33.1,Female,1.69,184,53,1.18,2.4,57.7,4,HIIT
34,136,46.9,1055.0,2,27.6,Male,1.63,161,66,1.41,2.8,124.6,3,HIIT
43,158,28.88,931.0,1,28.9,Female,1.59,191,67,1.31,2.2,73.0,3,Yoga
25,161,26.05,1304.0,3,19.8,Female,1.51,185,54,1.62,2.7,59.4,5,Cardio
46,147,19.1,463.0,1,34.1,Female,1.65,165,63,0.7,1.9,52.0,2,Cardio
43,148,15.5,886.0,2,34.6,Female,1.65,162,59,1.33,2.3,42.2,3,Cardio
27,162,33.2,1622.0,3,12.1,Male,1.64,192,64,1.82,3.5,89.3,4,HIIT
43,122,35.51,658.0,1,22.0,Male,1.76,160,50,1.09,3.4,110.0,3,Yoga
51,129,26.52,499.0,1,31.3,Female,1.58,164,65,0.86,2.3,66.2,3,HIIT
58,161,21.27,964.0,1,26.8,Male,1.66,172,60,1.21,2.9,58.6,2,HIIT
24,133,18.29,710.0,1,21.3,Male,1.67,178,72,0.97,2.8,51.0,3,Strength
21,131,26.69,699.0,1,27.9,Male,1.95,171,69,0.97,3.1,101.5,3,Yoga
28,166,32.66,959.0,2,20.2,Male,1.87,184,55,1.05,3.2,114.2,3,Strength
46,161,18.39,725.0,1,24.8,Male,1.72,194,73,0.91,2.9,54.4,2,Cardio
53,149,21.26,898.0,2,28.3,Female,1.57,171,71,1.34,2.2,52.4,3,HIIT
42,151,26.01,1151.0,3,13.7,Male,1.81,189,65,1.54,3.5,85.2,5,Yoga
38,151,27.61,1379.0,3,11.6,Male,1.74,164,51,1.66,3.5,83.6,5,Cardio
53,161,31.3,1084.0,2,28.3,Male,1.92,193,50,1.36,2.2,115.4,4,Yoga
27,151,18.35,615.0,1,25.9,Male,1.97,181,73,0.74,3.6,71.2,3,HIIT
54,145,30.51,718.0,2,32.9,Female,1.6,198,73,1.1,2.4,78.1,4,Yoga
26,120,19.91,642.0,2,34.9,Female,1.65,172,58,1.07,1.9,54.2,4,Cardio
41,161,25.05,920.0,2,31.8,Female,1.76,162,71,1.27,2.2,77.6,4,Strength
52,121,16.8,768.0,1,34.8,Female,1.62,179,61,1.41,1.6,44.1,3,HIIT
52,136,26.39,1144.0,3,10.1,Male,1.8,190,66,1.7,3.5,85.5,5,Strength
53,149,15.43,711.0,2,28.4,Female,1.76,164,74,1.06,1.5,47.8,4,HIIT
35,158,27.23,730.0,1,21.1,Male,1.94,183,64,0.84,2.4,102.5,2,Cardio
56,126,32.69,412.0,1,22.6,Male,1.9,199,68,0.66,3.2,118.0,2,HIIT
49,146,24.31,932.0,2,28.4,Male,1.84,192,71,1.29,3.4,82.3,4,Strength
41,128,23.33,1185.0,3,10.2,Male,1.87,167,59,1.87,3.5,81.6,5,HIIT
40,141,17.03,946.0,2,25.2,Male,1.88,183,61,1.22,3.0,60.2,3,Cardio
49,153,20.75,881.0,2,30.7,Female,1.54,179,63,1.28,2.1,49.2,3,HIIT
54,165,20.71,1025.0,1,30.6,Female,1.5,175,58,1.38,2.0,46.6,2,Strength
29,168,23.22,907.0,2,29.8,Female,1.72,171,62,1.08,1.7,68.7,4,Cardio
30,120,25.22,780.0,2,32.9,Female,1.55,172,52,1.3,1.6,60.6,3,Strength
40,128,20.1,612.0,1,21.3,Male,1.61,198,70,0.87,3.3,52.1,2,HIIT
42,139,14.87,382.0,1,28.1,Female,1.77,184,63,0.61,2.6,46.6,2,Yoga
52,138,21.63,1011.0,2,26.2,Male,1.74,191,70,1.48,2.8,65.5,4,Strength
58,155,17.93,753.0,1,31.9,Female,1.57,183,59,1.08,2.3,44.2,3,HIIT
47,159,26.32,1133.0,2,24.0,Male,1.84,168,65,1.44,3.6,89.1,3,Yoga
34,164,25.11,731.0,1,28.8,Male,1.62,199,56,0.81,2.2,65.9,2,Yoga
37,123,22.56,597.0,1,29.2,Female,1.57,182,53,0.97,2.4,55.6,2,Cardio
42,128,16.25,868.0,1,24.0,Male,1.98,172,69,1.37,3.0,63.7,2,Yoga
39,160,26.02,1725.0,3,10.2,Male,1.82,191,72,1.96,3.5,86.2,5,Strength
30,141,22.28,1304.0,3,17.8,Female,1.63,174,74,1.85,2.7,59.2,4,Strength
36,137,24.16,1492.0,3,13.5,Male,1.88,195,60,1.98,3.5,85.4,5,Yoga
53,131,28.35,831.0,2,26.1,Female,1.55,164,65,1.41,2.2,68.1,4,HIIT
29,161,22.86,684.0,1,28.1,Female,1.62,181,69,0.85,1.9,60.0,2,Strength
58,162,26.19,933.0,2,32.8,Female,1.69,175,53,1.28,2.3,74.8,4,Strength
36,158,33.17,1199.0,2,23.7,Male,1.65,169,71,1.38,3.4,90.3,4,Cardio
29,128,31.63,1169.0,3,11.2,Male,1.65,183,71,1.66,3.5,86.1,4,HIIT
26,125,26.75,639.0,1,26.7,Male,1.66,177,72,0.93,2.2,73.7,2,Yoga
24,138,27.82,980.0,2,27.0,Female,1.56,177,66,1.42,2.1,67.7,3,HIIT
45,167,20.38,1066.0,1,29.0,Male,1.96,166,62,1.29,2.2,78.3,3,Cardio
31,166,17.7,913.0,1,26.1,Female,1.65,163,60,1.1,2.5,48.2,2,Cardio
48,126,24.91,777.0,2,32.1,Female,1.51,185,52,1.37,2.1,56.8,4,HIIT
36,135,42.3,757.0,2,25.0,Male,1.63,164,58,1.02,3.4,112.4,4,Cardio
33,124,21.16,558.0,1,33.7,Female,1.67,175,55,0.9,1.9,59.0,3,Cardio
22,135,27.84,386.0,1,21.3,Male,1.88,194,71,0.52,2.2,98.4,2,Cardio
52,120,25.98,796.0,2,26.8,Male,1.6,185,70,1.34,2.1,66.5,4,HIIT
29,156,32.51,1107.0,2,25.7,Male,1.81,177,60,1.29,2.5,106.5,4,Cardio
42,158,23.73,1314.0,3,12.4,Male,1.93,188,65,1.68,3.5,88.4,4,Yoga
38,138,27.59,1321.0,3,12.5,Male,1.79,182,68,1.74,3.5,88.4,5,Yoga
53,156,17.6,962.0,2,32.2,Female,1.74,173,54,1.37,1.8,53.3,3,Strength
40,136,23.87,415.0,1,34.4,Female,1.56,174,63,0.61,2.2,58.1,2,Yoga
33,145,23.95,834.0,2,25.9,Female,1.76,192,66,1.15,1.5,74.2,4,Strength
56,141,31.84,705.0,2,20.2,Male,1.63,184,52,1.01,2.9,84.6,4,HIIT
59,127,21.16,453.0,1,28.1,Male,1.92,180,53,0.72,2.7,78.0,3,Cardio
56,152,31.53,1332.0,3,10.5,Male,1.68,176,65,1.77,3.5,89.0,5,Yoga
31,121,13.78,883.0,1,34.9,Female,1.76,182,65,1.46,2.2,42.7,3,Strength
48,149,25.33,1401.0,3,13.1,Male,1.82,176,70,1.9,3.5,83.9,5,HIIT
22,166,34.06,1204.0,2,31.5,Female,1.52,173,74,1.45,2.3,78.7,3,Strength
52,139,28.52,794.0,2,27.0,Female,1.52,188,53,1.27,2.3,65.9,4,Cardio
40,137,20.86,851.0,2,22.4,Male,1.92,179,68,1.13,3.7,76.9,4,Yoga
46,162,21.07,1467.0,3,13.3,Male,2.0,189,66,1.83,3.5,84.3,5,HIIT
28,129,24.37,710.0,2,34.1,Female,1.6,178,62,1.1,1.7,62.4,3,Strength
35,143,21.04,810.0,2,29.8,Male,1.74,198,71,1.03,2.7,63.7,4,HIIT
29,123,23.76,910.0,1,27.0,Female,1.52,172,72,1.48,2.0,54.9,3,Strength
26,156,23.84,1004.0,2,21.3,Male,1.79,177,73,1.17,2.7,76.4,3,Strength
27,123,30.76,907.0,1,20.6,Male,1.86,182,50,1.34,3.1,106.4,2,Cardio
34,132,30.4,904.0,2,33.7,Female,1.5,192,61,1.37,2.1,68.4,4,Cardio
55,144,18.35,969.0,2,22.9,Male,1.86,198,53,1.36,2.9,63.5,4,Strength
24,132,26.4,825.0,2,25.0,Female,1.5,199,60,1.25,2.0,59.4,3,Yoga
30,137,31.08,957.0,1,22.2,Male,1.91,177,54,1.27,3.7,113.4,3,HIIT
57,143,26.79,592.0,1,28.4,Female,1.52,168,51,0.92,2.6,61.9,3,HIIT
59,121,25.05,637.0,2,34.9,Female,1.68,192,66,1.17,1.9,70.7,3,Cardio
26,167,30.89,937.0,1,25.2,Male,1.9,191,57,1.02,2.2,111.5,2,Yoga
44,152,26.16,958.0,1,27.0,Female,1.66,176,55,1.4,2.5,72.1,2,Strength
19,138,16.27,463.0,1,23.3,Male,1.87,178,70,0.61,3.7,56.9,3,Cardio
22,128,23.88,1345.0,3,11.7,Male,1.9,186,58,1.91,3.5,86.2,5,Strength
46,147,21.05,844.0,2,20.2,Male,1.68,165,62,1.16,2.5,59.4,4,Strength
54,154,25.55,672.0,1,26.4,Female,1.72,194,60,0.97,1.9,75.6,3,Cardio
55,158,25.49,768.0,1,32.0,Female,1.73,196,65,1.08,2.6,76.3,3,Yoga
36,129,27.69,972.0,1,21.2,Male,1.86,193,65,1.37,3.2,95.8,3,HIIT
25,120,36.01,686.0,2,22.3,Male,1.83,179,51,1.04,2.5,120.6,3,Cardio
18,161,27.18,1143.0,2,28.5,Female,1.55,184,59,1.42,2.2,65.3,3,Yoga
39,140,23.88,593.0,1,27.6,Male,1.89,163,61,0.77,3.6,85.3,2,Strength
34,128,24.09,472.0,1,25.8,Male,1.68,169,57,0.67,3.4,68.0,2,Cardio
24,166,21.34,1071.0,1,31.9,Female,1.57,169,60,1.29,2.4,52.6,2,HIIT
42,134,20.2,876.0,2,25.7,Male,1.77,183,59,1.32,3.3,63.3,3,HIIT
21,154,28.03,878.0,2,31.8,Female,1.65,180,62,1.14,1.7,76.3,3,Strength
53,124,22.96,331.0,1,20.0,Male,1.63,170,74,0.54,3.4,61.0,3,Cardio
23,160,26.16,1072.0,1,34.3,Female,1.61,186,66,1.34,1.8,67.8,2,HIIT
48,141,33.21,949.0,1,21.1,Male,1.86,175,56,1.36,3.6,114.9,3,Cardio
36,160,30.09,1646.0,3,12.0,Male,1.71,185,73,1.87,3.5,88.0,5,HIIT
56,142,27.12,927.0,1,32.7,Female,1.58,189,52,1.45,1.9,67.7,2,Strength
44,126,36.46,842.0,2,24.4,Male,1.85,175,69,1.35,3.5,124.8,4,Strength
27,142,21.23,895.0,2,34.5,Female,1.58,166,62,1.26,1.8,53.0,4,Cardio
43,163,17.32,831.0,1,24.7,Male,1.88,175,68,1.03,2.9,61.2,3,Yoga
36,144,17.25,886.0,1,33.7,Female,1.68,194,56,1.23,1.6,48.7,3,Yoga
56,146,17.51,848.0,1,33.1,Female,1.7,175,58,1.29,2.3,50.6,2,Strength
20,160,24.26,1016.0,2,34.8,Female,1.73,199,68,1.27,2.5,72.6,3,HIIT
30,125,28.93,644.0,2,34.3,Female,1.56,171,62,1.03,2.4,70.4,4,Yoga
45,153,14.85,818.0,2,29.0,Male,1.88,194,71,1.08,2.9,52.5,4,Strength
37,128,24.35,957.0,2,27.3,Male,1.77,180,57,1.36,2.1,76.3,4,HIIT
45,168,16.5,1111.0,1,28.7,Female,1.58,195,71,1.47,2.6,41.2,2,HIIT
25,152,17.85,1186.0,3,15.5,Female,1.76,176,67,1.56,2.7,55.3,4,Yoga
58,125,17.82,776.0,2,31.9,Female,1.67,191,72,1.38,2.3,49.7,4,Strength
56,156,13.81,525.0,1,29.8,Male,1.87,165,51,0.68,3.3,48.3,3,HIIT
18,150,21.66,1510.0,3,13.6,Male,1.96,183,67,1.83,3.5,83.2,4,HIIT
20,153,40.26,850.0,2,29.3,Male,1.73,186,67,1.01,3.4,120.5,3,Cardio
30,160,30.4,1091.0,2,28.0,Male,2.0,179,60,1.24,3.3,121.6,4,Cardio
45,148,23.84,759.0,2,26.6,Female,1.75,184,50,1.14,2.0,73.0,4,Yoga
42,133,20.62,1053.0,3,16.2,Female,1.67,161,63,1.76,2.7,57.5,5,Cardio
50,155,18.24,983.0,2,28.4,Female,1.53,168,65,1.41,2.4,42.7,4,Strength
55,155,43.4,529.0,1,21.7,Male,1.73,187,60,0.69,3.1,129.9,3,Yoga
23,134,29.46,656.0,1,25.8,Male,1.92,197,50,0.89,3.5,108.6,2,Yoga
49,127,22.15,1150.0,3,14.9,Male,2.0,162,56,1.83,3.5,88.6,4,Cardio
38,145,21.8,906.0,1,32.6,Female,1.51,179,65,1.25,2.5,49.7,3,HIIT
33,155,23.78,822.0,1,29.2,Female,1.54,165,63,1.06,1.5,56.4,3,Strength
38,167,15.49,946.0,2,20.0,Male,1.74,198,64,1.03,2.6,46.9,4,Strength
28,140,25.57,1022.0,2,28.1,Female,1.67,192,63,1.46,1.5,71.3,4,Strength
54,147,20.7,830.0,2,25.3,Male,1.86,160,70,1.14,2.2,71.6,3,Yoga
53,123,31.75,1139.0,3,11.6,Male,1.61,196,60,1.87,3.5,82.3,5,Strength
52,135,24.72,826.0,1,26.1,Female,1.69,165,65,1.36,2.2,70.6,3,HIIT
36,141,41.84,651.0,1,24.4,Male,1.62,193,68,0.84,3.5,109.8,3,HIIT
37,131,25.73,354.0,1,27.5,Female,1.69,174,66,0.54,1.6,73.5,2,Cardio
35,135,25.01,1322.0,3,14.5,Male,1.85,185,55,1.78,3.5,85.6,5,Strength
58,159,26.43,737.0,2,26.0,Female,1.68,173,60,1.03,2.0,74.6,4,Yoga
31,157,19.51,463.0,1,25.5,Female,1.8,166,66,0.59,2.6,63.2,2,Cardio
32,161,23.56,1344.0,3,15.0,Female,1.63,190,58,1.67,2.7,62.6,5,HIIT
48,156,28.12,1398.0,3,11.6,Male,1.76,183,67,1.81,3.5,87.1,5,Strength
18,148,24.31,1408.0,3,13.3,Male,1.84,190,66,1.73,3.5,82.3,5,HIIT
20,137,20.29,1171.0,3,18.7,Female,1.78,188,61,1.71,2.7,64.3,4,Cardio
33,129,19.49,806.0,1,29.5,Female,1.66,191,72,1.25,2.5,53.7,3,HIIT
40,161,15.75,1257.0,2,26.8,Male,2.0,176,71,1.42,2.9,63.0,4,Strength
28,158,37.11,921.0,2,23.6,Male,1.86,173,71,1.06,3.3,128.4,4,Strength
29,137,24.64,1319.0,3,13.3,Male,1.89,199,54,1.75,3.5,88.0,5,Cardio
27,120,27.57,714.0,2,25.4,Female,1.52,195,60,1.19,2.1,63.7,4,Strength
49,158,23.94,1009.0,2,23.9,Male,1.87,183,53,1.29,2.3,83.7,4,HIIT
33,140,33.5,1078.0,2,27.9,Male,1.75,186,53,1.4,2.2,102.6,3,HIIT
25,120,32.34,330.0,1,33.0,Female,1.55,184,52,0.55,1.7,77.7,2,Yoga
55,134,24.76,789.0,2,27.2,Male,1.88,191,73,1.19,2.6,87.5,4,Yoga
29,123,25.15,1028.0,3,11.0,Male,1.86,177,72,1.52,3.5,87.0,4,Yoga
41,139,30.05,1355.0,3,11.2,Male,1.66,177,74,1.97,3.5,82.8,5,HIIT
45,129,23.17,441.0,1,35.0,Female,1.68,196,66,0.76,2.6,65.4,3,HIIT
25,142,16.14,632.0,1,26.0,Female,1.71,185,56,0.89,2.5,47.2,2,Cardio
45,160,20.14,684.0,1,26.8,Female,1.7,168,53,0.95,2.0,58.2,3,Yoga
53,153,30.59,806.0,2,26.3,Female,1.55,194,72,1.17,2.1,73.5,4,HIIT
43,165,18.44,1240.0,3,16.6,Female,1.73,167,62,1.67,2.7,55.2,5,Cardio
25,167,22.02,935.0,1,27.1,Female,1.71,179,61,1.12,1.8,64.4,3,HIIT
45,152,24.28,807.0,2,30.0,Female,1.74,181,50,1.18,2.3,73.5,4,Cardio
45,153,27.35,1287.0,3,12.4,Male,1.81,178,70,1.7,3.5,89.6,5,Yoga
54,158,27.92,1158.0,2,29.0,Male,1.76,189,68,1.48,3.4,86.5,3,Yoga
58,129,16.53,743.0,2,25.3,Female,1.67,187,70,1.28,1.8,46.1,4,Yoga
53,139,17.65,894.0,2,23.2,Male,1.97,194,69,1.3,2.1,68.5,3,HIIT
44,120,27.94,748.0,2,26.0,Male,1.84,170,67,1.26,3.1,94.6,4,HIIT
34,132,23.46,746.0,1,31.0,Female,1.52,190,60,1.13,2.2,54.2,3,Cardio
26,120,15.23,759.0,2,24.8,Male,1.77,198,69,1.15,2.7,47.7,3,Strength
50,124,15.42,847.0,2,28.2,Male,1.84,195,52,1.38,3.1,52.2,4,Strength
37,135,23.35,1173.0,3,10.3,Male,1.95,189,66,1.58,3.5,88.8,5,Yoga
30,134,35.79,1076.0,2,28.2,Male,1.68,182,61,1.46,2.9,101.0,4,Strength
45,168,31.14,881.0,2,24.9,Male,1.95,178,59,1.06,2.4,118.4,3,Yoga
46,147,16.19,933.0,1,26.3,Female,1.72,171,57,1.41,2.0,47.9,3,Cardio
30,150,17.01,810.0,2,33.9,Female,1.74,174,64,1.08,2.0,51.5,3,Strength
52,142,35.04,479.0,1,31.5,Female,1.51,190,54,0.75,2.6,79.9,3,Strength
23,167,35.44,661.0,1,21.6,Male,1.85,196,53,0.72,3.6,121.3,2,Yoga
35,164,29.34,1050.0,2,25.3,Female,1.64,196,70,1.28,2.6,78.9,4,Cardio
22,162,33.72,1675.0,3,10.7,Male,1.62,174,69,1.88,3.5,88.5,5,Strength
42,136,27.66,350.0,1,26.1,Male,1.63,188,68,0.52,3.2,73.5,3,Strength
19,168,34.34,1173.0,2,21.8,Male,1.93,185,70,1.27,3.0,127.9,4,Strength
27,153,22.57,1515.0,3,11.1,Male,1.98,161,53,1.8,3.5,88.5,4,Cardio
47,132,16.54,303.0,1,25.3,Female,1.62,179,64,0.51,2.3,43.4,3,Cardio
22,133,17.59,978.0,2,32.2,Female,1.56,174,66,1.47,2.6,42.8,3,Strength
50,130,20.13,753.0,2,28.1,Male,1.79,163,61,1.17,2.4,64.5,4,Yoga
18,147,21.66,948.0,2,33.0,Female,1.53,181,52,1.29,2.1,50.7,3,Yoga
35,161,21.48,1151.0,1,21.3,Male,1.66,197,59,1.3,3.2,59.2,3,Strength
49,151,26.36,938.0,1,34.0,Female,1.73,182,64,1.38,2.3,78.9,2,Cardio
28,154,29.62,847.0,2,31.7,Female,1.63,185,59,1.1,1.8,78.7,3,Strength
38,150,18.64,1081.0,2,29.0,Male,1.92,170,73,1.31,3.0,68.7,4,Cardio
43,136,21.0,502.0,1,29.5,Female,1.59,187,72,0.82,2.5,53.1,2,Strength
42,166,23.8,904.0,2,24.4,Male,1.65,161,67,1.1,2.8,64.8,3,Cardio
39,128,19.41,749.0,1,32.8,Female,1.61,167,50,1.17,2.5,50.3,2,HIIT
44,129,38.5,856.0,2,20.9,Male,1.63,188,52,1.34,2.6,102.3,4,Yoga
30,127,17.06,789.0,1,25.2,Male,1.92,170,70,1.13,3.6,62.9,2,HIIT
50,140,22.07,1184.0,3,19.2,Female,1.6,196,61,1.88,2.7,56.5,5,Yoga
51,132,31.05,422.0,1,33.3,Female,1.55,177,50,0.71,2.1,74.6,2,Cardio
58,169,16.23,937.0,1,29.6,Male,1.79,173,52,1.12,3.0,52.0,3,HIIT
52,124,18.68,837.0,1,32.0,Female,1.67,169,52,1.5,1.5,52.1,2,Yoga
18,125,30.44,606.0,1,27.1,Female,1.54,194,54,0.97,1.7,72.2,2,Strength
38,149,26.48,1410.0,3,10.1,Male,1.8,168,68,1.72,3.5,85.8,4,Cardio
23,150,23.78,1320.0,3,12.4,Male,1.85,194,74,1.6,3.5,81.4,4,Cardio
45,136,18.7,887.0,1,30.1,Female,1.65,170,50,1.45,2.3,50.9,2,Strength
34,130,16.41,987.0,2,22.4,Male,1.78,171,53,1.38,2.7,52.0,4,Strength
22,139,19.06,1086.0,2,21.2,Male,1.93,162,53,1.42,2.9,71.0,4,Yoga
48,167,25.73,1248.0,3,12.9,Male,1.77,198,66,1.51,3.5,80.6,4,Cardio
22,128,19.71,640.0,2,32.6,Female,1.72,173,63,1.0,1.6,58.3,3,Yoga
55,121,21.8,719.0,1,34.9,Female,1.7,187,67,1.32,2.5,63.0,3,Strength
20,156,29.49,875.0,2,27.6,Male,1.94,170,50,1.02,3.3,111.0,4,Cardio
40,120,19.09,762.0,2,32.9,Female,1.66,198,71,1.27,1.7,52.6,3,Strength
54,123,29.1,688.0,1,26.2,Male,2.0,184,65,1.13,3.1,116.4,3,Yoga
54,155,29.17,983.0,2,34.9,Female,1.61,180,52,1.41,2.5,75.6,4,Yoga
27,144,19.01,1172.0,1,26.4,Male,1.8,169,72,1.48,3.1,61.6,2,Yoga
27,122,33.33,926.0,2,28.6,Male,1.8,174,70,1.38,2.5,108.0,4,Cardio
36,128,19.36,634.0,1,34.5,Female,1.75,178,58,0.99,2.3,59.3,3,Strength
34,141,20.11,915.0,2,29.3,Male,1.94,181,72,1.18,2.4,75.7,4,Strength
38,142,21.99,859.0,2,28.8,Female,1.6,180,53,1.21,1.9,56.3,4,Yoga
31,131,19.45,766.0,2,25.8,Female,1.73,191,70,1.17,1.8,58.2,3,Yoga
26,129,19.73,802.0,1,21.7,Male,1.68,182,54,1.13,2.9,55.7,3,Yoga
18,153,45.14,1229.0,2,20.6,Male,1.67,172,60,1.46,2.2,125.9,3,Yoga
30,162,22.48,826.0,2,26.1,Female,1.67,164,70,1.02,2.6,62.7,4,HIIT
21,129,25.03,972.0,2,21.8,Male,1.86,163,58,1.37,2.6,86.6,3,HIIT
18,149,19.47,983.0,2,23.4,Male,1.82,187,52,1.2,2.4,64.5,3,HIIT
57,141,22.14,796.0,2,25.4,Male,1.86,173,55,1.14,2.8,76.6,4,Yoga
49,125,24.31,1225.0,3,13.6,Male,1.83,167,73,1.98,3.5,81.4,5,Yoga
51,169,20.76,954.0,1,22.1,Male,1.71,168,60,1.14,2.5,60.7,2,Strength
45,121,23.81,909.0,3,18.4,Female,1.55,194,58,1.67,2.7,57.2,5,Cardio
48,149,28.88,798.0,2,32.0,Female,1.59,196,64,1.19,2.1,73.0,3,Strength
25,121,31.26,752.0,1,25.6,Male,1.99,180,72,1.13,2.6,123.8,3,HIIT
56,151,33.97,1024.0,1,29.0,Male,1.66,177,52,1.37,2.2,93.6,2,Strength
43,161,20.83,988.0,1,21.1,Male,1.92,192,50,1.24,2.5,76.8,3,Yoga
51,135,23.37,674.0,2,26.8,Female,1.53,167,69,1.11,2.0,54.7,4,HIIT
20,131,24.52,821.0,2,24.3,Male,1.94,176,71,1.14,2.1,92.3,3,HIIT
29,120,29.89,720.0,2,26.3,Female,1.55,190,68,1.2,2.4,71.8,4,Cardio
18,127,27.14,679.0,2,30.7,Female,1.57,193,63,1.07,2.2,66.9,3,Cardio
22,167,15.72,1144.0,2,29.0,Female,1.76,165,66,1.37,2.2,48.7,4,HIIT
47,169,22.64,1188.0,1,22.8,Male,1.71,181,71,1.42,2.9,66.2,3,HIIT
47,132,12.91,475.0,1,26.7,Female,1.76,173,63,0.8,2.2,40.0,3,Strength
34,134,32.84,870.0,2,23.4,Male,1.85,162,66,1.18,3.6,112.4,4,HIIT
40,163,29.14,693.0,1,31.1,Female,1.55,171,74,0.85,1.5,70.0,3,Yoga
32,127,27.74,1013.0,1,25.8,Male,1.74,195,63,1.45,2.1,84.0,3,Strength
54,129,16.09,749.0,2,26.6,Female,1.65,171,61,1.29,1.7,43.8,4,Yoga
38,165,46.98,1216.0,2,21.2,Male,1.62,161,65,1.34,2.3,123.3,4,Yoga
31,124,23.79,1116.0,3,15.1,Female,1.56,161,50,1.8,2.7,57.9,5,Yoga
19,169,21.45,1766.0,3,10.1,Male,1.96,174,62,1.9,3.5,82.4,5,HIIT
28,138,26.47,1025.0,2,28.8,Male,1.79,182,55,1.35,2.3,84.8,4,Cardio
56,166,39.77,1060.0,2,20.5,Male,1.66,188,66,1.29,3.1,109.6,3,Cardio
55,157,27.58,777.0,2,27.3,Male,1.77,176,61,1.0,2.8,86.4,3,Yoga
51,130,19.72,626.0,2,33.7,Female,1.8,191,72,1.07,2.7,63.9,4,HIIT
55,162,26.98,394.0,1,26.0,Female,1.62,166,68,0.54,1.8,70.8,3,Strength
51,139,41.34,950.0,2,24.4,Male,1.67,189,55,1.38,2.5,115.3,3,Yoga
35,139,22.72,1188.0,3,19.8,Female,1.56,187,56,1.71,2.7,55.3,5,Strength
47,140,22.81,942.0,1,28.3,Male,1.8,173,50,1.36,3.7,73.9,3,Strength
32,137,25.33,1025.0,2,24.9,Male,1.96,189,50,1.36,3.4,97.3,3,HIIT
44,169,22.19,966.0,2,32.6,Female,1.65,176,54,1.27,2.1,60.4,4,HIIT
51,129,19.02,868.0,1,28.3,Male,1.61,191,55,1.36,2.9,49.3,2,Cardio
55,153,28.97,1091.0,1,23.5,Male,1.78,165,65,1.44,3.4,91.8,3,Cardio
50,145,30.63,581.0,1,33.9,Female,1.55,183,74,0.89,2.1,73.6,3,HIIT
41,149,14.87,929.0,1,24.7,Male,1.78,165,65,1.26,2.4,47.1,3,Yoga
32,128,24.84,408.0,1,25.3,Male,1.62,186,63,0.58,3.4,65.2,2,Cardio
47,165,32.42,1634.0,3,15.0,Male,1.64,177,50,2.0,3.5,87.2,4,Strength
59,150,33.07,423.0,1,28.4,Male,1.71,183,62,0.57,2.9,96.7,3,Yoga
34,161,18.09,821.0,2,28.6,Female,1.61,196,69,1.02,1.7,46.9,3,Strength
22,123,27.47,849.0,1,25.1,Female,1.62,183,59,1.38,2.1,72.1,3,HIIT
46,125,26.35,906.0,3,18.1,Female,1.54,197,73,1.61,2.7,62.5,4,Strength
21,133,38.76,775.0,1,27.0,Male,1.69,193,59,1.06,2.7,110.7,3,Yoga
27,123,30.64,954.0,2,26.5,Male,1.83,199,58,1.41,3.5,102.6,3,HIIT
34,145,24.5,1276.0,3,19.8,Female,1.62,174,62,1.76,2.7,64.3,5,Yoga
27,166,31.13,1598.0,3,14.3,Male,1.61,170,52,1.75,3.5,80.7,4,Strength
34,167,35.19,1249.0,1,24.5,Male,1.81,181,67,1.36,2.2,115.3,2,Yoga
37,158,30.74,1573.0,3,10.3,Male,1.69,183,69,1.81,3.5,87.8,5,HIIT
41,136,28.66,714.0,2,24.8,Male,1.61,160,51,1.06,3.5,74.3,4,Strength
22,138,27.16,938.0,2,31.9,Female,1.7,177,66,1.36,2.1,78.5,4,Strength
51,168,30.96,733.0,1,31.1,Female,1.58,171,68,0.97,2.0,77.3,2,Cardio
23,125,22.32,319.0,1,30.4,Female,1.7,187,72,0.51,1.7,64.5,2,Cardio
19,148,19.13,952.0,2,24.7,Male,1.94,199,62,1.17,3.2,72.0,3,Yoga
30,130,24.87,916.0,2,27.9,Female,1.77,166,62,1.41,2.6,77.9,4,Cardio
28,135,27.88,1006.0,2,27.8,Female,1.58,182,50,1.49,2.0,69.6,3,Cardio
40,149,17.4,951.0,2,25.0,Male,1.99,180,51,1.16,2.4,68.9,4,Cardio
33,144,12.85,1148.0,2,21.6,Male,1.89,193,50,1.45,2.9,45.9,3,Cardio
48,159,23.88,537.0,1,28.4,Female,1.69,170,73,0.75,2.5,68.2,3,HIIT
28,130,31.49,968.0,2,28.2,Female,1.59,181,54,1.49,1.5,79.6,3,HIIT
33,126,23.2,643.0,1,30.9,Female,1.52,194,73,1.02,2.3,53.6,2,Cardio
25,145,23.11,986.0,2,25.7,Female,1.58,188,52,1.36,2.2,57.7,3,Yoga
21,141,19.92,1024.0,2,28.3,Male,1.93,187,56,1.32,2.5,74.2,3,HIIT
57,144,26.46,985.0,3,17.8,Female,1.56,177,73,1.52,2.7,64.4,5,Cardio
21,138,17.33,380.0,1,31.7,Female,1.78,173,71,0.55,2.0,54.9,2,HIIT
42,150,18.7,468.0,1,27.0,Male,1.64,177,62,0.63,2.4,50.3,3,Strength
20,145,16.48,660.0,1,27.9,Female,1.68,187,72,0.91,2.4,46.5,2,HIIT
49,161,14.6,741.0,1,24.7,Male,1.99,183,67,0.93,3.1,57.8,3,HIIT
20,160,25.62,695.0,1,29.6,Male,1.8,167,73,0.79,2.9,83.0,2,Yoga
44,155,25.75,1159.0,3,13.8,Male,1.79,167,70,1.51,3.5,82.5,5,HIIT
46,142,22.22,709.0,1,34.7,Female,1.73,163,56,1.11,2.0,66.5,3,Yoga
49,166,25.17,695.0,1,32.5,Female,1.67,186,50,0.93,1.8,70.2,3,Strength
36,132,32.73,1082.0,2,21.8,Male,1.93,195,54,1.49,3.4,121.9,3,Cardio
38,144,30.43,857.0,2,25.6,Female,1.52,164,66,1.19,2.0,70.3,4,Yoga
22,121,16.56,877.0,2,30.8,Female,1.56,192,57,1.45,2.1,40.3,4,HIIT
35,121,32.74,559.0,1,23.6,Male,1.76,193,64,0.84,2.9,101.4,2,HIIT
45,135,20.83,982.0,2,22.8,Male,1.95,189,69,1.47,2.8,79.2,3,Yoga
59,128,24.19,841.0,1,33.1,Female,1.77,167,53,1.46,1.8,75.8,3,Strength
39,147,20.29,445.0,1,23.7,Male,1.88,198,51,0.55,2.2,71.7,2,Cardio
38,132,23.71,1082.0,3,16.6,Female,1.56,185,54,1.64,2.7,57.7,5,HIIT
23,154,18.52,585.0,1,33.5,Female,1.6,196,50,0.76,1.6,47.4,3,Strength
18,160,18.68,1032.0,2,33.5,Female,1.75,193,74,1.29,2.4,57.2,3,Cardio
22,132,15.14,977.0,2,28.6,Female,1.72,166,54,1.48,1.8,44.8,4,Cardio
58,150,30.49,668.0,1,28.3,Male,1.72,199,55,0.9,2.1,90.2,2,HIIT
29,140,28.7,1378.0,3,14.3,Male,1.72,187,51,1.79,3.5,84.9,4,Yoga
43,151,30.55,807.0,1,24.2,Male,1.77,198,50,1.08,3.4,95.7,3,HIIT
51,153,21.67,924.0,2,20.7,Male,1.65,198,53,1.22,2.3,59.0,3,HIIT
31,127,19.31,1092.0,3,15.0,Female,1.77,187,56,1.72,2.7,60.5,4,HIIT
43,160,18.19,742.0,2,30.2,Female,1.72,173,71,1.03,2.3,53.8,4,Strength
44,167,22.31,1372.0,3,11.7,Male,1.97,197,50,1.66,3.5,86.6,5,Yoga
26,121,26.1,829.0,1,35.0,Female,1.67,163,50,1.37,1.9,72.8,2,Strength
43,157,21.16,1046.0,2,32.7,Female,1.77,177,57,1.48,1.7,66.3,4,HIIT
39,151,21.87,672.0,1,32.6,Female,1.6,184,69,0.89,2.0,56.0,2,Yoga
47,159,12.32,1015.0,2,29.6,Male,1.93,166,65,1.29,2.0,45.9,3,Cardio
34,147,32.72,1536.0,3,14.4,Male,1.64,197,70,1.9,3.5,88.0,4,Yoga
43,156,29.34,1012.0,1,23.2,Male,1.79,187,62,1.31,3.4,94.0,2,HIIT
53,160,13.95,965.0,2,26.7,Female,1.79,164,72,1.34,2.1,44.7,3,Yoga
18,120,23.79,436.0,1,27.5,Male,1.63,162,73,0.66,2.2,63.2,3,Cardio
25,160,26.48,1294.0,2,23.8,Male,1.9,190,72,1.47,2.4,95.6,4,Cardio
52,129,13.82,645.0,2,24.7,Male,1.86,179,67,1.01,2.8,47.8,3,Yoga
32,123,31.71,1197.0,3,13.2,Male,1.64,178,69,1.77,3.5,85.3,4,Cardio
39,154,17.83,1143.0,2,29.1,Male,1.83,170,59,1.35,2.3,59.7,4,Strength
31,129,17.91,504.0,1,24.2,Male,1.98,199,61,0.71,2.5,70.2,2,Yoga
43,166,22.44,590.0,1,32.8,Female,1.8,162,50,0.79,2.1,72.7,3,Cardio
45,130,15.73,433.0,1,27.7,Female,1.79,182,59,0.74,2.5,50.4,2,Cardio
40,133,26.99,666.0,1,27.0,Male,1.74,166,58,0.91,2.7,81.7,2,Yoga
31,157,18.79,484.0,1,20.0,Male,1.62,182,52,0.56,3.2,49.3,2,Strength
41,131,23.01,1138.0,3,19.4,Female,1.64,166,68,1.93,2.7,61.9,4,Yoga
19,164,17.4,1164.0,2,25.3,Female,1.68,193,58,1.42,2.6,49.1,4,Cardio
43,136,19.86,747.0,2,27.1,Male,1.83,178,59,1.11,2.4,66.5,3,Yoga
31,135,20.27,446.0,1,20.5,Male,1.93,168,68,0.6,3.4,75.5,2,Cardio
24,154,27.53,1491.0,3,11.3,Male,1.79,177,65,1.76,3.5,88.2,4,HIIT
20,121,24.42,885.0,2,25.0,Male,1.75,184,73,1.33,3.3,74.8,3,Yoga
40,130,28.2,566.0,1,29.2,Female,1.6,173,67,0.87,1.9,72.2,3,Yoga
35,160,23.64,1241.0,2,21.9,Male,1.63,184,63,1.41,3.7,62.8,4,Cardio
55,122,26.43,719.0,2,23.3,Male,1.79,178,52,1.19,2.4,84.7,3,Cardio
52,148,40.79,388.0,1,27.3,Male,1.69,198,51,0.53,2.4,116.5,2,Cardio
32,137,21.0,1047.0,2,26.7,Male,1.92,174,50,1.39,3.3,77.4,3,Cardio
42,139,27.78,732.0,2,25.7,Female,1.62,175,67,1.17,2.0,72.9,4,Yoga
54,166,23.1,807.0,1,32.5,Female,1.59,186,73,1.08,1.9,58.4,2,Cardio
45,133,27.11,999.0,3,15.3,Female,1.54,199,58,1.67,2.7,64.3,4,Yoga
27,153,25.54,1363.0,3,12.7,Male,1.87,169,62,1.62,3.5,89.3,5,Strength
56,168,34.8,1148.0,2,22.6,Male,1.61,163,51,1.38,2.3,90.2,3,Yoga
34,150,22.48,847.0,2,30.9,Female,1.62,178,56,1.13,2.4,59.0,4,Cardio
56,159,16.97,858.0,2,22.6,Male,1.86,187,65,1.09,3.3,58.7,3,Cardio
39,161,38.49,1116.0,2,29.8,Male,1.82,180,70,1.26,3.0,127.5,3,Strength
43,137,29.69,875.0,2,28.1,Female,1.52,173,68,1.42,2.6,68.6,4,Yoga
42,149,24.22,717.0,1,27.4,Female,1.53,192,74,1.07,1.9,56.7,3,Strength
34,144,20.36,958.0,2,27.8,Female,1.78,169,64,1.33,1.8,64.5,4,Yoga
30,138,26.66,1228.0,3,19.5,Female,1.52,178,71,1.78,2.7,61.6,4,Cardio
37,127,22.67,859.0,2,26.4,Male,1.82,189,60,1.23,3.2,75.1,4,Yoga
42,147,21.29,888.0,1,27.3,Male,1.93,181,50,1.22,3.3,79.3,2,Cardio
21,127,25.72,756.0,2,34.2,Female,1.68,162,70,1.19,1.8,72.6,3,Cardio
27,150,26.54,792.0,1,29.1,Male,1.7,196,56,0.96,2.1,76.7,3,HIIT
20,122,17.05,659.0,1,32.4,Female,1.61,177,69,1.08,2.5,44.2,2,HIIT
58,122,19.55,406.0,1,27.0,Female,1.7,170,57,0.74,2.7,56.5,2,Yoga
35,163,37.98,986.0,1,28.4,Male,1.63,161,59,1.1,3.1,100.9,2,Cardio
53,141,23.23,711.0,2,27.0,Female,1.55,171,54,1.12,1.8,55.8,4,Strength
39,136,15.65,1010.0,2,27.4,Male,1.93,165,58,1.35,3.7,58.3,4,Cardio
51,155,15.51,1128.0,1,26.9,Male,1.77,199,74,1.47,3.5,48.6,2,Strength
25,136,21.49,1451.0,3,13.8,Male,1.95,188,74,1.94,3.5,81.7,4,Yoga
57,133,29.97,1159.0,3,12.7,Male,1.69,189,50,1.76,3.5,85.6,5,Yoga
36,128,20.28,1043.0,3,18.2,Female,1.72,161,51,1.63,2.7,60.0,5,Strength
59,149,44.26,915.0,1,29.5,Male,1.69,168,68,1.24,2.9,126.4,3,Strength
58,140,23.8,662.0,2,26.0,Female,1.78,161,63,1.05,2.5,75.4,4,Cardio
54,131,22.48,996.0,3,16.5,Female,1.69,188,69,1.69,2.7,64.2,4,Yoga
23,156,24.84,1069.0,2,31.1,Female,1.62,192,59,1.37,2.5,65.2,3,Cardio
43,151,25.44,673.0,1,34.6,Female,1.66,169,58,0.99,2.6,70.1,2,Strength
51,130,32.75,779.0,1,21.0,Male,1.77,193,59,1.21,3.4,102.6,2,HIIT
23,139,28.78,879.0,2,20.2,Male,1.93,167,55,1.15,3.1,107.2,4,HIIT
54,154,18.45,1220.0,3,15.3,Female,1.75,196,66,1.76,2.7,56.5,5,HIIT
50,166,20.11,911.0,2,25.5,Female,1.75,192,74,1.22,2.2,61.6,4,Strength
39,165,26.68,1198.0,2,29.1,Male,1.75,165,55,1.32,2.8,81.7,4,Cardio
38,130,30.68,481.0,1,32.2,Female,1.58,199,53,0.74,2.3,76.6,2,Yoga
23,127,36.45,698.0,2,26.8,Male,1.79,178,69,1.0,3.4,116.8,4,Strength
23,123,23.77,1107.0,3,17.6,Female,1.59,191,52,1.8,2.7,60.1,4,HIIT
21,146,31.31,803.0,1,27.8,Male,1.73,186,72,1.0,3.6,93.7,2,Cardio
47,163,16.66,756.0,2,26.6,Female,1.58,160,68,1.03,2.1,41.6,4,Yoga
28,159,17.2,1582.0,3,17.0,Female,1.79,192,67,1.99,2.7,55.1,5,Yoga
47,157,41.03,552.0,1,24.9,Male,1.76,199,73,0.71,3.0,127.1,2,Strength
48,166,26.99,1001.0,2,26.1,Female,1.6,191,53,1.34,2.0,69.1,4,Strength
41,149,22.06,898.0,1,29.2,Female,1.74,164,57,1.34,2.3,66.8,3,Yoga
26,163,40.52,1031.0,2,23.2,Male,1.76,176,66,1.15,3.1,125.5,4,Yoga
20,167,28.56,893.0,2,25.4,Female,1.58,167,54,1.07,1.5,71.3,3,HIIT
48,167,49.84,876.0,2,21.4,Male,1.61,193,62,1.06,2.9,129.2,4,Yoga
57,146,27.84,795.0,2,27.6,Male,1.86,168,74,1.1,2.2,96.3,3,Strength
54,140,28.46,454.0,1,25.2,Female,1.54,182,50,0.72,1.5,67.5,3,Cardio
53,139,26.81,1107.0,3,19.7,Female,1.55,194,62,1.77,2.7,64.4,4,HIIT
41,123,26.33,576.0,2,25.9,Female,1.57,166,53,1.04,2.4,64.9,4,HIIT
48,130,18.98,433.0,1,33.0,Female,1.66,174,71,0.74,1.8,52.3,3,Yoga
23,132,23.6,911.0,2,34.0,Female,1.55,179,73,1.38,1.9,56.7,4,Cardio
19,128,17.61,864.0,2,34.4,Female,1.63,184,63,1.35,1.6,46.8,4,HIIT
37,123,22.44,621.0,1,33.7,Female,1.77,162,52,1.01,1.7,70.3,2,Strength
45,131,26.08,1102.0,3,11.4,Male,1.76,183,54,1.7,3.5,80.8,4,Yoga
28,128,24.89,1242.0,3,16.7,Female,1.5,193,56,1.94,2.7,56.0,5,Strength
21,132,29.89,944.0,1,24.3,Male,1.84,181,50,1.3,3.3,101.2,2,Yoga
32,167,22.96,1378.0,3,15.7,Female,1.57,170,72,1.65,2.7,56.6,4,HIIT
23,145,13.36,594.0,1,25.2,Female,1.75,167,61,0.82,2.1,40.9,3,Yoga
47,157,46.94,598.0,1,28.7,Male,1.65,198,60,0.77,3.5,127.8,2,Cardio
55,161,15.92,927.0,1,30.5,Female,1.76,194,73,1.28,2.0,49.3,2,Strength
19,132,24.2,1234.0,3,18.0,Female,1.63,197,57,1.87,2.7,64.3,5,Cardio
32,158,18.79,1025.0,2,29.3,Male,1.62,167,74,1.18,2.5,49.3,3,Strength
28,147,24.01,500.0,1,31.7,Female,1.62,196,55,0.68,1.9,63.0,2,Strength
25,138,14.74,711.0,2,31.9,Female,1.67,186,71,1.03,2.4,41.1,3,Yoga
43,143,13.38,965.0,2,32.9,Female,1.74,187,51,1.5,2.2,40.5,3,HIIT
22,138,27.05,691.0,1,21.2,Male,1.62,199,68,0.91,3.5,71.0,2,HIIT
23,168,23.21,1336.0,3,16.8,Female,1.62,193,69,1.59,2.7,60.9,5,Cardio
43,132,23.48,1117.0,3,19.8,Female,1.66,191,69,1.88,2.7,64.7,4,Yoga
21,132,17.44,706.0,2,34.2,Female,1.71,174,73,1.07,2.2,51.0,3,HIIT
36,147,18.42,1213.0,3,19.4,Female,1.77,176,63,1.65,2.7,57.7,4,Strength
37,121,23.22,992.0,2,24.5,Male,1.82,192,50,1.49,2.8,76.9,4,Strength
50,129,25.7,1181.0,3,14.3,Male,1.77,175,59,1.85,3.5,80.5,4,Yoga
37,141,24.21,726.0,2,25.5,Female,1.74,188,65,1.03,2.4,73.3,3,Cardio
29,132,19.88,878.0,2,26.5,Female,1.57,168,53,1.33,2.6,49.0,3,Yoga
18,128,29.5,725.0,1,24.1,Male,1.97,192,60,1.03,2.6,114.5,3,Cardio
43,152,25.56,1189.0,3,12.4,Male,1.78,188,65,1.58,3.5,81.0,5,Yoga
31,133,17.27,811.0,2,27.6,Female,1.76,172,69,1.22,1.8,53.5,4,Strength
55,167,18.46,637.0,1,23.6,Male,1.68,180,50,0.77,3.0,52.1,3,Yoga
54,139,30.34,475.0,1,26.6,Female,1.52,180,65,0.76,2.1,70.1,2,HIIT
28,134,27.43,951.0,2,24.9,Male,1.78,164,68,1.29,3.7,86.9,4,HIIT
53,151,23.7,815.0,2,27.9,Male,1.76,169,70,1.09,2.8,73.4,3,Yoga
30,152,32.66,1104.0,2,26.6,Male,1.66,165,71,1.32,2.1,90.0,4,Cardio
20,136,23.25,1287.0,3,10.5,Male,1.92,172,58,1.72,3.5,85.7,5,Cardio
50,143,29.3,470.0,1,29.9,Female,1.55,160,58,0.73,2.7,70.4,2,Strength
23,149,19.73,942.0,2,27.0,Male,1.71,179,58,1.15,3.4,57.7,3,Strength
27,132,24.44,494.0,1,25.3,Male,1.76,167,66,0.68,2.3,75.7,3,Cardio
22,166,26.75,1519.0,3,17.0,Female,1.52,169,61,1.83,2.7,61.8,5,Yoga
40,167,25.92,1497.0,3,13.1,Male,1.76,168,74,1.63,3.5,80.3,5,Strength
27,135,36.95,950.0,2,29.7,Male,1.68,162,62,1.28,3.5,104.3,3,Cardio
19,121,26.32,883.0,2,25.9,Female,1.58,170,57,1.46,1.9,65.7,3,Cardio
30,136,31.32,494.0,1,23.9,Male,1.96,171,65,0.66,2.6,120.3,2,Yoga
57,151,21.06,713.0,2,29.1,Female,1.57,169,67,1.05,2.6,51.9,3,HIIT
19,162,23.98,1336.0,3,17.9,Female,1.57,184,50,1.65,2.7,59.1,5,Cardio
37,127,21.84,876.0,2,26.5,Female,1.75,184,50,1.38,2.1,66.9,4,Strength
18,122,21.84,573.0,1,26.8,Female,1.75,170,61,0.94,1.7,66.9,2,Yoga
54,131,28.56,921.0,2,22.9,Male,1.66,195,55,1.42,2.6,78.7,3,Yoga
26,139,24.07,1307.0,3,19.8,Female,1.61,198,58,1.88,2.7,62.4,4,Yoga
34,135,34.92,713.0,1,27.3,Male,1.71,185,72,0.96,3.2,102.1,2,HIIT
26,133,12.97,549.0,1,26.6,Male,2.0,173,54,0.75,2.3,51.9,2,HIIT
28,135,14.57,980.0,2,28.2,Male,2.0,198,65,1.32,3.0,58.3,4,Strength
32,168,24.36,1783.0,3,10.6,Male,1.92,199,67,1.93,3.5,89.8,4,Strength
41,162,30.19,634.0,1,28.6,Male,1.83,160,66,0.79,3.2,101.1,2,Yoga
55,168,40.09,640.0,1,25.9,Male,1.72,163,67,0.77,2.6,118.6,3,Strength
52,152,24.78,895.0,1,23.4,Male,1.85,189,50,1.19,3.2,84.8,2,Cardio
47,149,25.54,531.0,1,28.2,Male,1.77,171,68,0.72,3.5,80.0,3,HIIT
48,131,21.83,681.0,2,28.0,Male,1.83,194,71,1.05,2.8,73.1,4,Yoga
22,134,41.56,914.0,2,28.5,Male,1.68,172,57,1.24,2.7,117.3,3,Yoga
31,137,26.47,863.0,2,26.2,Female,1.71,190,52,1.26,1.8,77.4,4,Cardio
28,147,26.14,831.0,2,34.7,Female,1.67,197,74,1.13,2.2,72.9,3,Cardio
26,142,31.64,816.0,1,34.6,Female,1.5,182,54,1.15,2.6,71.2,2,Cardio
51,133,33.61,1027.0,3,11.8,Male,1.62,163,72,1.56,3.5,88.2,4,Cardio
29,149,23.33,976.0,2,25.7,Female,1.8,175,57,1.31,1.9,75.6,4,Yoga
52,152,23.79,1135.0,3,15.8,Female,1.56,166,68,1.66,2.7,57.9,4,HIIT
52,164,28.28,753.0,2,34.9,Female,1.58,181,67,1.02,2.0,70.6,3,HIIT
18,134,44.1,693.0,1,25.6,Male,1.64,188,67,0.94,2.7,118.6,3,Cardio
57,126,14.07,705.0,2,23.6,Male,1.99,170,70,1.13,3.0,55.7,3,Strength
39,134,27.18,656.0,1,22.9,Male,1.94,192,50,0.89,2.4,102.3,3,Yoga
46,161,20.76,1044.0,2,22.6,Male,1.87,188,64,1.31,3.4,72.6,4,HIIT
25,165,22.6,784.0,1,31.6,Female,1.68,198,67,0.95,1.9,63.8,2,Cardio
28,157,24.13,479.0,1,29.2,Female,1.67,171,74,0.61,2.3,67.3,3,Strength
58,165,23.75,1463.0,3,19.8,Female,1.58,166,56,1.97,2.7,59.3,4,Strength
54,163,28.68,836.0,1,31.8,Female,1.57,198,65,1.14,2.1,70.7,3,Cardio
31,130,30.43,1230.0,3,14.0,Male,1.69,185,65,1.72,3.5,86.9,4,Yoga
47,148,27.2,557.0,1,22.9,Male,1.9,199,64,0.76,3.0,98.2,3,HIIT
52,150,24.23,965.0,2,20.8,Male,1.62,168,55,1.3,2.3,63.6,4,Strength
38,144,16.01,727.0,2,29.9,Female,1.68,193,58,1.01,2.4,45.2,3,HIIT
54,143,44.66,736.0,2,23.1,Male,1.62,172,56,1.04,2.3,117.2,4,HIIT
22,138,35.47,1017.0,1,22.0,Male,1.74,195,63,1.34,2.2,107.4,2,Strength
36,121,18.65,514.0,1,34.5,Female,1.78,184,60,0.85,2.2,59.1,2,Cardio
31,141,19.82,402.0,1,29.4,Female,1.64,183,70,0.57,2.4,53.3,3,Strength
43,139,17.39,812.0,1,21.7,Male,1.63,176,65,1.18,2.1,46.2,2,Strength
21,152,25.85,1104.0,2,22.0,Male,1.61,161,74,1.32,2.1,67.0,3,Yoga
42,127,27.55,1113.0,3,11.4,Male,1.77,172,55,1.77,3.5,86.3,4,HIIT
59,144,30.66,1418.0,3,15.0,Male,1.67,190,71,1.99,3.5,85.5,5,Cardio
42,165,20.07,1127.0,2,22.7,Male,1.87,188,65,1.38,3.4,70.2,3,HIIT
35,128,48.43,718.0,2,23.3,Male,1.62,187,69,1.02,3.4,127.1,4,Strength
57,153,27.11,723.0,2,31.6,Female,1.67,186,65,1.05,1.8,75.6,3,Cardio
25,142,22.99,852.0,1,27.9,Female,1.65,174,61,1.2,2.2,62.6,3,Cardio
56,124,23.79,1066.0,3,16.1,Female,1.53,190,66,1.91,2.7,55.7,5,Cardio
57,144,31.74,862.0,2,21.6,Male,1.74,199,54,1.21,2.8,96.1,3,Cardio
31,127,29.23,883.0,2,28.1,Female,1.62,174,74,1.39,2.3,76.7,4,Yoga
49,135,16.01,762.0,1,21.1,Male,1.89,192,62,1.14,3.5,57.2,2,Cardio
55,167,21.34,992.0,2,20.2,Male,1.81,179,57,1.2,2.1,69.9,4,Strength
50,164,21.67,760.0,2,33.0,Female,1.77,171,73,1.03,2.4,67.9,3,Yoga
40,134,25.14,1445.0,3,10.7,Male,1.87,196,54,1.96,3.5,87.9,5,Strength
32,120,26.22,818.0,2,27.8,Male,1.98,168,61,1.24,2.8,102.8,3,Strength
50,141,23.02,838.0,1,33.0,Female,1.5,182,58,1.32,2.2,51.8,3,HIIT
42,122,23.41,1005.0,3,17.7,Female,1.57,167,52,1.83,2.7,57.7,4,Cardio
34,157,23.28,636.0,1,28.1,Female,1.69,191,52,0.81,2.3,66.5,3,Cardio
50,133,36.8,764.0,2,21.5,Male,1.61,173,50,1.16,3.6,95.4,4,Strength
19,155,27.03,907.0,1,32.4,Female,1.6,186,74,1.17,1.6,69.2,3,Cardio
31,137,23.88,699.0,2,31.0,Female,1.67,184,71,1.02,1.5,66.6,4,Yoga
57,166,30.63,1290.0,3,13.3,Male,1.65,172,67,1.57,3.5,83.4,4,HIIT
57,160,14.3,1001.0,1,25.1,Female,1.75,180,73,1.39,1.7,43.8,2,Cardio
56,137,22.48,1227.0,3,19.6,Female,1.69,190,61,1.99,2.7,64.2,5,Cardio
23,122,16.8,354.0,1,25.7,Female,1.62,196,58,0.58,2.7,44.1,2,Yoga
23,129,23.93,1327.0,3,11.8,Male,1.91,164,58,1.87,3.5,87.3,5,HIIT
20,168,21.48,1035.0,2,24.0,Male,1.6,172,67,1.12,3.2,55.0,4,Yoga
24,158,28.77,1364.0,3,10.0,Male,1.74,187,67,1.57,3.5,87.1,4,Strength
25,166,25.69,1260.0,1,25.0,Male,1.61,184,56,1.38,3.0,66.6,2,Strength
59,120,19.5,929.0,3,18.8,Female,1.76,194,53,1.72,2.7,60.4,5,Cardio
32,146,37.74,883.0,2,28.2,Male,1.83,198,62,1.1,2.1,126.4,3,HIIT
46,146,33.38,542.0,1,28.8,Male,1.63,166,66,0.75,3.5,88.7,2,Strength
